Handle,Name,Status,Address Line 1,Address Line 2,Postal/ZIP Code,City,State/Province/Region,Country,Phone,Email,Website,Image URL,Monday,Tuesday,Wednesday,Thursday,Friday,Saturday,Sunday,Page Title,Page Description,Meta Title,Meta Description,Latitude,Longitude,Priority,Name - FR,Page Title - FR,Page Description - FR,Name - ZH-CN,Page Title - ZH-CN,Page Description - ZH-CN,Name - ES,Page Title - ES,Page Description - ES, Tags,Custom Brands,Custom Brands - FR,Custom Brands - ZH-CN,Custom Brands - ES,Custom Button title 1,Custom Button title 1 - FR,Custom Button title 1 - ZH-CN,Custom Button title 1 - ES,Custom Button URL 1,Custom Button URL 1 - FR,Custom Button URL 1 - ZH-CN,Custom Button URL 1 - ES,Custom Button title 2,Custom Button title 2 - FR,Custom Button title 2 - ZH-CN,Custom Button title 2 - ES,Custom Button URL 2,Custom Button URL 2 - FR,Custom Button URL 2 - ZH-CN,Custom Button URL 2 - ES
3401,Audemars Piguet Raleigh Service Center,TRUE,Audemars Piguet (North America) Inc. 2201 Iron Works Drive Suite 118,,27604,Raleigh,,US,+1 727-467-0940,apna.clientcare@audemarspiguet.com,,,,,,,,,,,,,,35.8079348,-78.6191744,,,,,,,,,,,,,,,,,,,,,,,,,,,,,,,
10106030,Audemars Piguet Boutique Dallas,TRUE,"53 Highland Park Village,",,75205,Dallas,,US,+1 469-217-7102,boutiqueap.dallas@audemarspiguet.com,,,,,,,,,,,,,,32.8363971,-96.8052044,,,,,,,,,,,,,,,,,,,,,,,,,,,,,,,
10000202,Le Carat,TRUE,Royal Opera House,,112,Muscat,,OM,+968 22 009992,aliawadh@omantel.net.om,,,,,,,,,,,,,,23.6139520,58.4685124,,,,,,,,,,,,,,,,,,,,,,,,,,,,,,,
10047532,Audemars Piguet Boutique Shanghai,TRUE,"No.1175, Nanjing Road, Jingan,",,200041,Shanghai,,CN,+86 21 5236 8338,boutique.shanghai@audemarspiguet.com,,,,,,,,,,,,,,31.2278300,121.4560700,,,,,,,,,,,,,,,,,,,,,,,,,,,,,,,
10042528,Audemars Piguet Boutique Ginza,TRUE,6-chōme-5-13 Ginza,,104-0061,Chuo City,,JP,+81 3-6830-0788,boutique.ginza@audemarspiguet.com,,,,,,,,,,,,,,35.6708719,139.7618091,,,,,,,,,,,,,,,,,,,,,,,,,,,,,,,
10060747,AP House Munich,TRUE,Residenzstraße 18,,80333,München,,DE,+49 89 262049300,aphouse.munich@audemarspiguet.com,,,,,,,,,,,,,,48.1403820,11.5772638,,,,,,,,,,,,,,,,,,,,,,,,,,,,,,,
10076305,S&S Watches & Jewelry,TRUE,"Union Square Shopping Centre L1-06A, 171 Đồng Khởi, Quận 1, TP. Hồ Chí Minh",,,Ho Chi Minh City.,,VN,+84 28 3620 8787,,,,,,,,,,,,,,,10.7763969,106.7023328,,,,,,,,,,,,,,,,,,,,,,,,,,,,,,,
10023695,Konstantinidis Watch Repair Specialists,TRUE,7 Stadiou str. (6th floor),,10562,Athens,,GR,+30 21 0323 9741,info@watchrepair.gr,,,,,,,,,,,,,,37.9770716,23.7338457,,,,,,,,,,,,,,,,,,,,,,,,,,,,,,,
10097223,Audemars Piguet Chengdu Taikooli Boutique,TRUE,"No. 1103, Building 5, No. 8 Zhongshamao Street",,610021,Chengdu,,CN,+86 28 6323 5656,boutique.chengdu@audemarspiguet.com,,,,,,,,,,,,,,30.6525600,104.0823900,,,,,,,,,,,,,,,,,,,,,,,,,,,,,,,
10029797,The Time Place Plaza Indonesia,TRUE,"Plaza Indonesia, Level 1 #170",,10350,Jakarta,,ID,+62 21 29923982,,,,,,,,,,,,,,,-6.1935288,106.8222261,,,,,,,,,,,,,,,,,,,,,,,,,,,,,,,
10129757,Audemars Piguet Boutique Las Vegas,TRUE,"3720 Las Vegas Boulevard, Suite 105",,89158,Las Vegas,,US,+1 702-889-8828,boutiqueap.lasvegascrystals@audemarspiguet.com,,,,,,,,,,,,,,36.1076688,-115.1737067,,,,,,,,,,,,,,,,,,,,,,,,,,,,,,,
10000450,Malalan,TRUE,Mestni trg 21,,1000,Ljubljana,,SI,+386 1 421 77 40,ljubljana@malalan.si,,,,,,,,,,,,,,46.0495969,14.5062937,,,,,,,,,,,,,,,,,,,,,,,,,,,,,,,
10129694,Audemars Piguet Boutique Hangzhou,TRUE,NO. 258 Huanchengbei Road,,310003,Hangzhou,,CN,+86 571 8701 6569,boutiqueap.hangzhou@audemarspiguet.com,,,,,,,,,,,,,,30.2742660,120.1599880,,,,,,,,,,,,,,,,,,,,,,,,,,,,,,,
10106074,Audemars Piguet Boutique Capri,TRUE,Via Camerelle 12,,80073,Capri,,IT,+39 081 362 0030,boutique.capri@audemarspiguet.com,,,,,,,,,,,,,,40.5498567,14.2449406,,,,,,,,,,,,,,,,,,,,,,,,,,,,,,,
10057536,AP House Milan,TRUE,"Via Bagutta, 2",,20121,Milano,,IT,+39 02 7600 3115,aphouse.milan@audemarspiguet.com,,,,,,,,,,,,,,45.4674492,9.1970586,,,,,,,,,,,,,,,,,,,,,,,,,,,,,,,
10018730,Audemars Piguet Boutique Monaco,TRUE,"2, Avenue des Spélugues",,98000,Monaco,,MC,+377 97 70 04 08,ap@arije.mc,,,,,,,,,,,,,,43.7401245,7.4278429,,,,,,,,,,,,,,,,,,,,,,,,,,,,,,,
10024056,Audemars Piguet Boutique Mykonos,TRUE,Berni Zorzi & Enoplon Dinameon 12B,,84600,Mykonos,,GR,+30 2289 306726,mykonosapboutique@gmail.com,,,,,,,,,,,,,,37.4452960,25.3283820,,,,,,,,,,,,,,,,,,,,,,,,,,,,,,,
10018746,Horloger Adom,TRUE,"31, rue d'Antibes",,06400,Cannes,,FR,+33 4 93 38 07 91,,,,,,,,,,,,,,,43.5526868,7.0191064,,,,,,,,,,,,,,,,,,,,,,,,,,,,,,,
10119291,AP House Bangkok,TRUE,"Gaysorn Tower, 4th Floor, Pathumwan",,10330,Bangkok,,TH,+66 2 108 6305,aphouse.bangkok@audemarspiguet.com,,,,,,,,,,,,,,13.7460809,100.5407355,,,,,,,,,,,,,,,,,,,,,,,,,,,,,,,
10076348,AP House Geneva,TRUE,Quai du Mont-Blanc 5,,1201,Geneva,,CH,+41 22 732 83 00,aphouse.geneve@audemarspiguet.com,,,,,,,,,,,,,,46.2076520,6.1480663,,,,,,,,,,,,,,,,,,,,,,,,,,,,,,,
10040529,Kamine,TRUE,3-1-8 sannomiya-cho chuo-ku kobe-shi,,650-0021,Hyogo,,JP,+81 78-327-3363,motomachi@kamine.co.jp,,,,,,,,,,,,,,34.6892726,135.1903948,,,,,,,,,,,,,,,,,,,,,,,,,,,,,,,
10040771,Yoshida,TRUE,2-13-5 Hatagaya Shibuya-ku,,151-0072,Tokyo,,JP,+81 3-3377-5401,contact@watch-yoshida.com,,,,,,,,,,,,,,35.6774683,139.6766161,,,,,,,,,,,,,,,,,,,,,,,,,,,,,,,
10020139,Audemars Piguet Boutique Paris Rue Royale,TRUE,"15, rue Royale",,75008,Paris,,FR,+33 1 40 20 45 45,boutiqueap.paris@audemarspiguet.com,,,,,,,,,,,,,,48.8683336,2.3229720,,,,,,,,,,,,,,,,,,,,,,,,,,,,,,,
10029728,DD Watch Service Co Ltd,TRUE,"127 Gaysorn Tower 4th Floor Unit B ,Ratchadamri Road,",,10330,Bangkok,,TH,+66 2 117 0676,joe@audemarspiguet.com.sg,,,,,,,,,,,,,,13.7460358,100.5408202,,,,,,,,,,,,,,,,,,,,,,,,,,,,,,,
10029754,Audemars Piguet Boutique Hong Kong IFC,TRUE,"Shop 2041, Podium Level 2, ifc mall, 8 Finance Street",,,Hong Kong Island,,HK,+852 2818 0008,boutique.hkifc@audemarspiguet.com,,,,,,,,,,,,,,22.2859820,114.1574766,,,,,,,,,,,,,,,,,,,,,,,,,,,,,,,
10076353,Audemars Piguet Boutique Crans Montana,TRUE,Rue du Prado 9,,3963,Crans-Montana,,CH,+41 27 481 14 05,boutique.cransmontana@audemarspiguet.com,,,,,,,,,,,,,,46.3052904,7.4677095,,,,,,,,,,,,,,,,,,,,,,,,,,,,,,,
10020358,Audemars Piguet Boutique Amman,TRUE,Time Center Luxury Vista,,11118,Amman,,JO,+962 6 554 9601,audemarspiguet@timecenter.jo,,,,,,,,,,,,,,31.9694100,35.8745880,,,,,,,,,,,,,,,,,,,,,,,,,,,,,,,
10054804,Audemars Piguet Boutique Porto Cervo,TRUE,"La Passeggiata, 3b",,07020,Porto Cervo,,IT,+39 0789 94367,boutique.portocervo@audemarspiguet.com,,,,,,,,,,,,,,41.1327633,9.5350468,,,,,,,,,,,,,,,,,,,,,,,,,,,,,,,
10044790,Antic Horologivm,TRUE,Str.Popa Lazar 5-25,,021586,Bucharest,,RO,+40 21 252 1313,office@horologivm.ro,,,,,,,,,,,,,,44.4464857,26.1309326,,,,,,,,,,,,,,,,,,,,,,,,,,,,,,,
10085517,Audemars Piguet Boutique Atlanta by Watches of Switzerland,TRUE,"Lenox Square, 3393 Peachtree Road Northeast",,30326,Atlanta,,US,+1 212-716-1409,info.americas@audemarspiguet.com,,,,,,,,,,,,,,33.8465805,-84.3624972,,,,,,,,,,,,,,,,,,,,,,,,,,,,,,,
10040505,Eye Eye Isuzu,TRUE,1523-1 Tahishimo-machi takamatsu-shi,,761-8075,Kagawa,,JP,+81 87-864-5225,info@eye-eye-isuzu.co.jp,,,,,,,,,,,,,,34.3055290,134.0595760,,,,,,,,,,,,,,,,,,,,,,,,,,,,,,,
10129597,AP House St Barthélemy,TRUE,Rue de la République,,97133,Gustavia,,BL,+590 590 27 66 94,aphouse@diamondgenesis.com,,,,,,,,,,,,,,17.8997321,-62.8507598,,,,,,,,,,,,,,,,,,,,,,,,,,,,,,,
10076361,Audemars Piguet Boutique Kuala Lumpur,TRUE,"Starhill Gallery, 181 Jalan Bukit Bintang",,55100,Kuala Lumpur,,MY,+60 3-2142 8151,boutique.kualalumpur@audemarspiguet.com,,,,,,,,,,,,,,3.1477441,101.7138491,,,,,,,,,,,,,,,,,,,,,,,,,,,,,,,
10069053,Audemars Piguet Boutique London Harrods,TRUE,The Fine Watch Room,,SW1X 7XL,London,,GB,+44 20 7893 8178,boutique.harrods@audemarspiguet.com,,,,,,,,,,,,,,51.4988912,-0.1628657,,,,,,,,,,,,,,,,,,,,,,,,,,,,,,,
10130089,Audemars Piguet Boutique Monterrey,TRUE,Calzada del Valle #472 Oriente,,66220,Monterrey,,MX,+52 81 8378 4536,apboutiquemty@emwa.com.mx,,,,,,,,,,,,,,25.6550261,-100.3604002,,,,,,,,,,,,,,,,,,,,,,,,,,,,,,,
10024930,Audemars Piguet Boutique Bal Harbour,TRUE,"9700 Collins Ave, Suite 159, Bal Harbour",,33154,Miami,,US,+1 305-864-6776,boutiqueap.balharbour@audemarspiguet.com,,,,,,,,,,,,,,25.8883780,-80.1252369,,,,,,,,,,,,,,,,,,,,,,,,,,,,,,,
10024931,Audemars Piguet Boutique New York City,TRUE,65 E 57th St,,10022,New York,,US,+1 212-688-6644,boutiqueap.newyork@audemarspiguet.com,,,,,,,,,,,,,,40.7621368,-73.9711994,,,,,,,,,,,,,,,,,,,,,,,,,,,,,,,
10029731,Swiss Concept (Australia) Pty Ltd,TRUE,388 George Street,,2000,Sydney,,AU,+61 2 9221 6288,clientrelations@swissconcept.com.au,,,,,,,,,,,,,,-33.8683085,151.2073364,,,,,,,,,,,,,,,,,,,,,,,,,,,,,,,
10111994,Audemars Piguet Boutique Roma,TRUE,Piazza San Lorenzo in Lucina 38-38/a,,00187,Roma,,IT,+39 06 689 3875,boutique.roma@audemarspiguet.com,,,,,,,,,,,,,,41.9038091,12.4785283,,,,,,,,,,,,,,,,,,,,,,,,,,,,,,,
10076360,Audemars Piguet Boutique Frankfurt,TRUE,Goethestraße 9,,60313,Frankfurt,,DE,+49 69 244371560,boutiqueap.frankfurt@audemarspiguet.com,,,,,,,,,,,,,,50.1137164,8.6750358,,,,,,,,,,,,,,,,,,,,,,,,,,,,,,,
10129936,Audemars Piguet Palazzo Las Vegas,TRUE,"The Palazzo Hotel 3325 Las Vegas blvd.,",,89109,Las Vegas,,US,+1 702-550-3200,leor@leorbeverlyhills.com,,,,,,,,,,,,,,36.1239753,-115.1679553,,,,,,,,,,,,,,,,,,,,,,,,,,,,,,,
10000155,Eve Joyerias,TRUE,Puerto Madero Este,,1107,Buenos Aires,,AR,+54 9 11 5502-9033,info@evejoyerias.com,,,,,,,,,,,,,,-34.6149540,-58.3617866,,,,,,,,,,,,,,,,,,,,,,,,,,,,,,,
10000392,Rodolfo Pluer,TRUE,"Londres 161, Local 51 Colonia",,06600,México City,,MX,+52 55 5525 0178,rpluer@rpluer-relojero.com.mx,,,,,,,,,,,,,,19.4249840,-99.1657790,,,,,,,,,,,,,,,,,,,,,,,,,,,,,,,
10024929,AP House London,TRUE,1st Floor-130-134 New Bond Street,,W1S 1DL,London,,GB,+44 20 7046 7188,aphouse.london@audemarspiguet.com,,,,,,,,,,,,,,51.5121675,-0.1446510,,,,,,,,,,,,,,,,,,,,,,,,,,,,,,,
10089910,AP House Barcelona,TRUE,Passeig de Gracia 37,,08007,Barcelona,,ES,+34 935 95 98 90,aphouse.barcelona@audemarspiguet.com,,,,,,,,,,,,,,41.3913599,2.1652789,,,,,,,,,,,,,,,,,,,,,,,,,,,,,,,
10030473,Audemars Piguet Boutique Singapore Liat Towers,TRUE,"541 Orchard Rd, Singapore",,238881,Singapore,,SG,+65 6836 4918,boutique.singapore@audemarspiguet.com,,,,,,,,,,,,,,1.3052643,103.8305571,,,,,,,,,,,,,,,,,,,,,,,,,,,,,,,
10000364,Audemars Piguet Boutique Geneva Fusterie,TRUE,Place de la Fusterie 12,,1204,Geneva,,CH,+41 22 319 06 80,boutique.geneve@audemarspiguet.com,,,,,,,,,,,,,,46.2039687,6.1455378,,,,,,,,,,,,,,,,,,,,,,,,,,,,,,,
10018907,L'Orologiaio Di Stabile Donatello,TRUE,"24 Via Arrigo Boito, Cassano Allo Ionio, CS 87011, 87011 Lauropoli CS,",,87011,Lauropoli,,IT,+39 348 921 1823,donatello.stabile@stabilelorologiaio.eu,,,,,,,,,,,,,,39.7780584,16.3359244,,,,,,,,,,,,,,,,,,,,,,,,,,,,,,,
10000177,Watch Time,TRUE,"Av. Pedroso de Morais, 457, 12 - Conjunto 1202, Pinheiros",,05419-000,Sao Paulo,,BR,+55 11 3814-4131,sac@watchtime.com.br,,,,,,,,,,,,,,-23.5662058,-46.6906005,,,,,,,,,,,,,,,,,,,,,,,,,,,,,,,
10014753,AP House Madrid,TRUE,"Calle de Serrano, 66",,28001,Madrid,,ES,+34 917 81 80 60,aphouse.madrid@audemarspiguet.com,,,,,,,,,,,,,,40.4296659,-3.6867462,,,,,,,,,,,,,,,,,,,,,,,,,,,,,,,
10000477,Ottawa Swiss Watch Services Inc.,TRUE,200 - 25 Tapiola Crescent,,K1T 2J7,Ottawa,,CA,+1 613-521-9000,,,,,,,,,,,,,,,45.3640284,-75.6466426,,,,,,,,,,,,,,,,,,,,,,,,,,,,,,,
10000476,Audemars Piguet Boutique Athens,TRUE,Voukourestiou 21,,10671,Athens,,GR,+30 21 0362 9251,apboutique@athinaprestige.gr,,,,,,,,,,,,,,37.9779390,23.7368460,,,,,,,,,,,,,,,,,,,,,,,,,,,,,,,
10129756,Audemars Piguet Boutique Beverly Hills,TRUE,254 North Rodeo Drive,,90210,Beverly Hills,,US,+1 310-247-8181,boutiqueap.beverlyhills@audemarspiguet.com,,,,,,,,,,,,,,34.0678991,-118.4010285,,,,,,,,,,,,,,,,,,,,,,,,,,,,,,,
10086446,Audemars Piguet Boutique Nagoya,TRUE,"3-17-16, Sakae, Naka-ku",,460-0008,Nagoya,,JP,+81 52-211-8188,boutique.nagoya@audemarspiguet.com,,,,,,,,,,,,,,35.1653636,136.9070051,,,,,,,,,,,,,,,,,,,,,,,,,,,,,,,
10040919,Audemars Piguet Boutique Osaka,TRUE,"Shinsaibashi Fukuho Bldg, 2-6-9 Shinsaibashisuji",,542-0085,Osaka,,JP,+81 6-6214-5401,contact@audemarspiguet-osaka.com,,,,,,,,,,,,,,34.6700875,135.5006915,,,,,,,,,,,,,,,,,,,,,,,,,,,,,,,
10105925,Audemars Piguet Boutique Istanbul,TRUE,Mim Kemal Öke cadessi n° 35 7 Macka,,34367,Istanbul,,TR,+90 212 230 70 73,apist@tektas.info,,,,,,,,,,,,,,41.0479642,28.9925229,,,,,,,,,,,,,,,,,,,,,,,,,,,,,,,
10090266,Audemars Piguet Boutique Prague,TRUE,Parizska 5,,11000,Prague,,CZ,+420 222 312 320,boutique.prague@audemarspiguet.com,,,,,,,,,,,,,,50.0883758,14.4198046,,,,,,,,,,,,,,,,,,,,,,,,,,,,,,,
10129759,Audemars Piguet Boutique Mall of the Emirates,TRUE,Sheikh Zayed Rd,,,Dubai,,AE,+971 4 341 1121,boutique.dubaimoe@audemarspiguet.com,,,,,,,,,,,,,,25.1215110,55.2005330,,,,,,,,,,,,,,,,,,,,,,,,,,,,,,,
10076363,Audemars Piguet Beijing WF Central Boutique,TRUE,"Shop No. 124, 1st Floor, Building 1, No. 269 Wangfujing",,100006,Beijing,,CN,+86 10 6526 9930,boutique.beijingwf@audemarspiguet.com,,,,,,,,,,,,,,39.9127510,116.4097620,,,,,,,,,,,,,,,,,,,,,,,,,,,,,,,
10012909,Atelier Suché,TRUE,Archimedesstr. 63,,51065,Köln,,DE,+49 221 625002,info@atelier-suche.com,,,,,,,,,,,,,,50.9508090,7.0088443,,,,,,,,,,,,,,,,,,,,,,,,,,,,,,,
10000150,Mosso,TRUE,Avenida Luis Pasteur 5846,,7640648,Santiago,,CL,+56 2 2218 0422,contacto@mosso.cl,,,,,,,,,,,,,,-33.3884924,-70.5779849,,,,,,,,,,,,,,,,,,,,,,,,,,,,,,,
10129758,Audemars Piguet Boutique Dubai Mall,TRUE,Financial Center Rd,,,Dubai,,AE,+971 4 325 3366,boutique.dubaimall@audemarspiguet.com,,,,,,,,,,,,,,25.1987592,55.2787153,,,,,,,,,,,,,,,,,,,,,,,,,,,,,,,
10089705,Audemars Piguet Boutique Taipei A13,TRUE,"No.58, Songren Road",,11073,Taipei City,,TW,+886 2 8789 5800,boutiqueap.taipeia13@audemarspiguet.com,,,,,,,,,,,,,,25.0368737,121.5679503,,,,,,,,,,,,,,,,,,,,,,,,,,,,,,,
10129571,Audemars Piguet Boutique Chicago,TRUE,70 East Walton Street,,60611,Chicago,,US,+1 312-337-7468,info@apboutiquechicago.com,,,,,,,,,,,,,,41.9002000,-87.6256430,,,,,,,,,,,,,,,,,,,,,,,,,,,,,,,
10112003,Audemars Piguet Boutique Boston,TRUE,296 Boylston Street,,02116,Boston,,US,+1 617-274-1311,boutiqueap.boston@audemarspiguet.com,,,,,,,,,,,,,,42.3517872,-71.0698152,,,,,,,,,,,,,,,,,,,,,,,,,,,,,,,
4985014325583810861,Centre Européen de Service Audemars Piguet (CESAP),TRUE,Besançon centre,,25000,Besançon,,FR,+33 3 81 41 86 60,repairs.cesap@audemarspiguet.com,,,,,,,,,,,,,,47.2394890,6.0239018,,,,,,,,,,,,,,,,,,,,,,,,,,,,,,,
6570397155425958873,Audemars Piguet Iberia Customer Service,TRUE,Madrid,,28006,Madrid,,ES,+34 917 81 96 48,repairs.apib@audemarspiguet.com,,,,,,,,,,,,,,40.4444275,-3.6866851,,,,,,,,,,,,,,,,,,,,,,,,,,,,,,,
2194430732832077454,"Audemars Piguet Japan, Customer Service (2F)",TRUE,6-5-13 Ginza,,104-0061,Chuo-Ku,,JP,+81 3-6830-0789,service.jp@audemarspiguet.com,,,,,,,,,,,,,,35.6708693,139.7617871,,,,,,,,,,,,,,,,,,,,,,,,,,,,,,,
10129684,Audemars Piguet Boutique Riyadh by Platinum Sands,TRUE,"Solitaire Mall, Ground Floor, South Plaza, Riyadh, Kingdom of Saudi Arabia",,13315,Riyadh,,SA,+966 54 912 8452,ap.kcr@platinumsands.com,,,,,,,,,,,,,,24.7874870,46.6435356,,,,,,,,,,,,,,,,,,,,,,,,,,,,,,,
10129621,Audemars Piguet Boutique Shenzhen Bay Mixc,TRUE,2888 South Keyuan Road,,518000,Shenzhen,,CN,+86 755 8663 8809,boutique.shenzhen@audemarspiguet.com,,,,,,,,,,,,,,22.5132680,113.9443039,,,,,,,,,,,,,,,,,,,,,,,,,,,,,,,
10129601,AP House Tokyo,TRUE,"9-chōme-7-2 Akasaka, Minato City,",,107-0052,Minato,,JP,+81 3-6910-5088,aphouse.tokyo@audemarspiguet.com,,,,,,,,,,,,,,35.6653575,139.7319605,,,,,,,,,,,,,,,,,,,,,,,,,,,,,,,
10129628,Audemars Piguet Boutique Kuwait,TRUE,"The Avenues Mall, Prestige Section, ground floor, Unit number E041",,13052,Kuwait City,,KW,+965 2227 7769,ap.kuwait@alibinali.com,,,,,,,,,,,,,,29.3024914,47.9360719,,,,,,,,,,,,,,,,,,,,,,,,,,,,,,,
10129577,Audemars Piguet House Tel Aviv,TRUE,Rothschild Boulevard 13,,6688116,Tel Aviv,,IL,+972 3-551-5202,aphouse.telaviv@audemarspiguet.com,,,,,,,,,,,,,,32.0632244,34.7705917,,,,,,,,,,,,,,,,,,,,,,,,,,,,,,,
10129721,AP House Shanghai Taikoo Li Qiantan,TRUE,"Shop W-L1-01 & W-L2-01a, No. 1-9 Lane 500, Dongyu Road, Pudong district",,200126,Shanghai,,CN,+86 21 6165 2652,aphouse.shanghai@audemarspiguet.com,,,,,,,,,,,,,,31.1551258,121.4825597,,,,,,,,,,,,,,,,,,,,,,,,,,,,,,,
20006149,Tarondo Orologiai,TRUE,Via Udine 77,,33010,Tavagnacco - Udine,,IT,+39 0432 42897,paolo@tarondo.it,,,,,,,,,,,,,,46.0999861,13.2152420,,,,,,,,,,,,,,,,,,,,,,,,,,,,,,,
10129722,Audemars Piguet Boutique South Coast Plaza,TRUE,3333 Bristol St Ste 2501,,92626,Costa Mesa,,US,+1 949-265-7832,boutiqueap.southcoastplaza@audemarspiguet.com,,,,,,,,,,,,,,33.6915459,-117.8898643,,,,,,,,,,,,,,,,,,,,,,,,,,,,,,,
10129747,Audemars Piguet Boutique Aspen,TRUE,535 E Hyman Ave Space 106,,81611,Aspen,,US,+1 970-710-4960,boutiqueap.aspen@audemarspiguet.com,,,,,,,,,,,,,,39.1883755,-106.8177893,,,,,,,,,,,,,,,,,,,,,,,,,,,,,,,
1232972093677337996,Time Care,TRUE,"Centennial Tower, 28th Floor, Jalan Gatot Subroto kav.24-25",,12930,jakarta,,ID,+62 21 29272780,timecare@time.co.id,,,,,,,,,,,,,,-6.2299191,106.8206632,,,,,,,,,,,,,,,,,,,,,,,,,,,,,,,
10129748,Audemars Piguet Boutique Cortina D'Ampezzo,TRUE,Corso Italia 98/D,,32043,Cortina d'Ampezzo,,IT,+39 0436 2699,boutique.cortina@audemarspiguet.com,,,,,,,,,,,,,,46.5378637,12.1365550,,,,,,,,,,,,,,,,,,,,,,,,,,,,,,,
10129772,AP House Hong Kong - K11 MUSEA,TRUE,"Shop 510, 511 & 512, 5/F, K11 MUSEA, Victoria Dockside, 18 Salisbury Road, Tsim Sha Tsui, Kowloon, Hong Kong",,,Kowloon,,HK,+852 2152 0938,aphouse.hongkongk11@audemarspiguet.com,,,,,,,,,,,,,,22.2939140,114.1728248,,,,,,,,,,,,,,,,,,,,,,,,,,,,,,,
10129769,AP House Zürich,TRUE,Bahnhofstrasse 32,,8001,Zürich,,CH,+41 43 411 95 55,aphouse.zuerich@audemarspiguet.com,,,,,,,,,,,,,,47.3707564,8.5391086,,,,,,,,,,,,,,,,,,,,,,,,,,,,,,,
10129823,Audemars Piguet Boutique Taormina,TRUE,"Corso Umberto, 105",,98039,Taormina,,IT,+39 0942 628922,aptaormina@restivo.it,,,,,,,,,,,,,,37.8524935,15.2869377,,,,,,,,,,,,,,,,,,,,,,,,,,,,,,,
10129773,AP House New York,TRUE,52-58 Gansevoort St,,10014,New York,,US,+1 212-716-1445,aphouse.newyork@audemarspiguet.com,,,,,,,,,,,,,,40.7392418,-74.0070140,,,,,,,,,,,,,,,,,,,,,,,,,,,,,,,
10038458,Audemars Piguet Boutique Doha Vendôme,TRUE,Gate 3,,,Lusail,,QA,+974 4416 6444,ap.pvm@alibinali.com,,,,,,,,,,,,,,25.4028926,51.5196045,,,,,,,,,,,,,,,,,,,,,,,,,,,,,,,
10130007,AP House Mexico City,TRUE,Avenida Presidente Masaryk 438,,11560,Mexico,,MX,+52 55 7900 3633,aphousecdmx@berger.com.mx,,,,,,,,,,,,,,19.4317741,-99.2004546,,,,,,,,,,,,,,,,,,,,,,,,,,,,,,,
10129768,Audemars Piguet Boutique Abu Dhabi,TRUE,"The Galleria Mall, Maryah Island",,,Abu Dhabi,,AE,+971 2 641 9881,boutique.galleriamall@audemarspiguet.com,,,,,,,,,,,,,,24.5030007,54.3899332,,,,,,,,,,,,,,,,,,,,,,,,,,,,,,,
10000582,Audemars Piguet House Le Brassus,TRUE,Route de France 16,,1348,Le Brassus,,CH,+41 21 642 34 01,,,,,,,,,,,,,,,46.5804012,6.2083997,,,,,,,,,,,,,,,,,,,,,,,,,,,,,,,
10129809,Audemars Piguet Boutique Seoul Shinsegae Gangnam,TRUE,"3F, Shinsegae Department Store Gangnam",,06546,Seocho-gu,,KR,+82 2-533-1351,boutique.ssg-gn@audemarspiguet.com,,,,,,,,,,,,,,37.5047565,127.0043808,,,,,,,,,,,,,,,,,,,,,,,,,,,,,,,
10129435,AP House Amsterdam,TRUE,Honthorststraat 16,,1071 DE,Amsterdam,,NL,+31 20 617 0550,aphouse.amsterdam@audemarspiguet.com,,,,,,,,,,,,,,52.3592250,4.8816125,,,,,,,,,,,,,,,,,,,,,,,,,,,,,,,
10129916,AP House Macau,TRUE,威尼斯人埃斯佩兰卡湾大道购物中心 1 楼 1040a 号铺,,,Taipa,,MO,+853 2888 1206,aphouse.macaufs@audemarspiguet.com,,,,,,,,,,,,,,22.1478501,113.5609823,,,,,,,,,,,,,,,,,,,,,,,,,,,,,,,
7256253611610136619,AP LAB Tokyo,TRUE,5-10-9 Jingu-mae,,150-0001,Shibuya –ku,,JP,+81 3-6633-7000,aplab.tokyo@audemarspiguet.com,,,,,,,,,,,,,,35.6671143,139.7067566,,,,,,,,,,,,,,,,,,,,,,,,,,,,,,,
10129962,AP House Los Angeles,TRUE,8560 W Sunset Blvd - Penthouse,,90069,West Hollywood,,US,+1 424-337-7037,aphouse.losangeles@audemarspiguet.com,,,,,,,,,,,,,,34.0930752,-118.3780108,,,,,,,,,,,,,,,,,,,,,,,,,,,,,,,
10129906,Audemars Piguet Pop-up by Tektaş,TRUE,"Gölköy Mahallesi, 314 Sokak No.10, 48400 Muğla, Turquie",,48400,Muğla,,TR,+90 533 381 92 91,apmandarinbutik@tektas.info,,,,,,,,,,,,,,37.0357552,27.4293118,,,,,,,,,,,,,,,,,,,,,,,,,,,,,,,
10129972,AP House Hamburg,TRUE,Neuer Wall 11,,20354,Hamburg,,DE,+49 40 822205090,aphouse.hamburg@audemarspiguet.com,,,,,,,,,,,,,,53.5523390,9.9922980,,,,,,,,,,,,,,,,,,,,,,,,,,,,,,,
10076365,Audemars Piguet Boutique Hong Kong Harbour City,TRUE,"Shop 208, Level 2, Ocean Centre, Harbour City",,,Tsim Sha Tsui,,HK,+852 2735 2800,boutique.hkharbourcity@audemarspiguet.com,,,,,,,,,,,,,,22.2959157,114.1682754,,,,,,,,,,,,,,,,,,,,,,,,,,,,,,,
10000427,Nymans ur 1851,TRUE,Biblioteksgatan 1,,10388,Stockholm,,SE,+46 8 545 061 60,stockholm@nymansur.com,,,,,,,,,,,,,,59.3340069,18.0727396,,,,,,,,,,,,,,,,,,,,,,,,,,,,,,,
10029776,Kapoor Time Crafter,TRUE,"D-15, South Extension II, Block D",,110049,New Delhi,,IN,+91 11 4134 9738,care@kapoorwatch.com,,,,,,,,,,,,,,28.5670026,77.2234197,,,,,,,,,,,,,,,,,,,,,,,,,,,,,,,
8634796044327831573,Quality Time,TRUE,"Ground Floor Retail Arcade, 6750 Bldg. Ayala Ave., Makati",,1200,Makati,,PH,+63 2 8877 9012,jinky@lucerneluxe.com,,,,,,,,,,,,,,14.5531615,121.0257015,,,,,,,,,,,,,,,,,,,,,,,,,,,,,,,
10129810,AP House Seoul,TRUE,"AP House Seoul, 428, Apgujeong-ro, Gangnam-gu, Seoul, Republic of Korea",,06015,Gangnam,,KR,+82 2-543-2999,aphouse.seoul@audemarspiguet.com,,,,,,,,,,,,,,37.5268948,127.0438695,,,,,,,,,,,,,,,,,,,,,,,,,,,,,,,
10130059,Audemars Piguet Boutique Taipei Breeze Xinyi,TRUE,"No.6821, Xingya Rd, Xinyi District",,110,Taipei City,,TW,+886 2 8101 8181,boutiqueap.breezea3@audemarspiguet.com,,,,,,,,,,,,,,25.0402028,121.5672391,,,,,,,,,,,,,,,,,,,,,,,,,,,,,,,
360036544064983569,Audemars Piguet Korea Customer Service (3F),TRUE,"428, Apgujeong-ro, Gangnam-gu",,06015,Seoul,,KR,+82 2-543-2997,service.kr@audemarspiguet.com,,,,,,,,,,,,,,37.5269414,127.0438074,,,,,,,,,,,,,,,,,,,,,,,,,,,,,,,
10018860,Bartorelli 1882 Riccione,TRUE,Viale Dante 53,,47838,Riccione,,IT,+39 0541 693016,assistenza@bartorelli.it,,,,,,,,,,,,,,44.0026732,12.6579885,,,,,,,,,,,,,,,,,,,,,,,,,,,,,,,
1110370782210409356,AP Café Singapore,TRUE,"1 Beach Road, Raffles Hotel Singapore, Bar and Billiard Room",,189673,Singapore,,SG,+65 3129 2087,apcafe.singapore@audemarspiguet.com,,,,,,,,,,,,,,1.2943595,103.8544142,,,,,,,,,,,,,,,,,,,,,,,,,,,,,,,
10130054,AP House Singapore,TRUE,"1 Beach Road Raffles Hotel Singapore, Bar and Billiard Room Singapore 189673",,189673,Singapore,,SG,+65 6859 4888,aphouse.singapore@audemarspiguet.com,,,,,,,,,,,,,,1.2943173,103.8544457,,,,,,,,,,,,,,,,,,,,,,,,,,,,,,,
10130101,AP House The Henderson,TRUE,"25/F, No. 2 Murray Road,",,,Hong Kong Island,,HK,+852 2871 0008,aphouse.hongkong@audemarspiguet.com,,,,,,,,,,,,,,22.2800567,114.1622387,,,,,,,,,,,,,,,,,,,,,,,,,,,,,,,
10130117,AP House Manchester,TRUE,35 King Street,,M2 7AT,Manchester,,GB,+44 161 884 1341,aphouse.manchester@audemarspiguet.com,,,,,,,,,,,,,,53.4812514,-2.2456424,,,,,,,,,,,,,,,,,,,,,,,,,,,,,,,
10130169,Audemars Piguet Boutique Saint-Tropez,TRUE,36 boulevard Louis Blanc,,83990,Saint Tropez,,FR,+33 4 94 51 14 08,boutique.sainttropez@audemarspiguet.com,,,,,,,,,,,,,,43.2695962,6.6368339,,,,,,,,,,,,,,,,,,,,,,,,,,,,,,,
10130088,Audemars Piguet Boutique Fukuoka,TRUE,"2-4-6, Tenjin, Chuo Ward",,810-0001,Fukuoka-shi,,JP,+81 92-303-1950,boutique.fukuoka@audemarspiguet.com,,,,,,,,,,,,,,33.5873748,130.3982954,,,,,,,,,,,,,,,,,,,,,,,,,,,,,,,
10000139,Tamer Frères,TRUE,"Sin El Fil Jean Tamer Street, Tamer Buildings",,,Beirut,,LB,+961 1 513 413,sav.services@tamer-group.com,,,,,,,,,,,,,,33.8680384,35.5375344,,,,,,,,,,,,,,,,,,,,,,,,,,,,,,,
000,House of Wonders Ginza Exhibition,TRUE,"6-chōme-7, Ginza",,104-0061,Chuo City,,JP,+81 3-6830-0025,,,,,,,,,,,,,,,35.6692995,139.7612787,,,,,,,,,,,,,,,,,,,,,,,,,,,,,,,
10130226,AP House Atlanta (Opening soon),TRUE,3009 Peachtree Road Northeast,,30305,Atlanta,,US,+1 404-868-8500,aphouse.atlanta@audemarspiguet.com,,,,,,,,,,,,,,33.8373619,-84.3809937,,,,,,,,,,,,,,,,,,,,,,,,,,,,,,,
10130071,AP House Miami,TRUE,1759 Purdy Avenue,,33139,Miami Beach,,US,+1 786-270-2340,aphouse.miami@audemarspiguet.com,,,,,,,,,,,,,,25.7929555,-80.1440071,,,,,,,,,,,,,,,,,,,,,,,,,,,,,,,
10000181,Ro&Ro,TRUE,Neustift am Walde 91,,1190,Wien,,AT,,,,,,,,,,,,,,,,48.2511709,16.2994273,,,,,,,,,,,,,,,,,,,,,,,,,,,,,,,
10009110,Watchfinder,TRUE,23 Kings Hill Avenue,,ME19 4UA,Kings Hill,,GB,,,,,,,,,,,,,,,,51.2779919,0.3939716,,,,,,,,,,,,,,,,,,,,,,,,,,,,,,,
