Handle,Name,Status,Address Line 1,Address Line 2,Postal/ZIP Code,City,State/Province/Region,Country,Phone,Email,Website,Image URL,Monday,Tuesday,Wednesday,Thursday,Friday,Saturday,Sunday,Page Title,Page Description,Meta Title,Meta Description,Latitude,Longitude,Priority,Name - FR,Page Title - FR,Page Description - FR,Name - ZH-CN,Page Title - ZH-CN,Page Description - ZH-CN,Name - ES,Page Title - ES,Page Description - ES, Tags,Custom Brands,Custom Brands - FR,Custom Brands - ZH-CN,Custom Brands - ES,Custom Button title 1,Custom Button title 1 - FR,Custom Button title 1 - ZH-CN,Custom Button title 1 - ES,Custom Button URL 1,Custom Button URL 1 - FR,Custom Button URL 1 - ZH-CN,Custom Button URL 1 - ES,Custom Button title 2,Custom Button title 2 - FR,Custom Button title 2 - ZH-CN,Custom Button title 2 - ES,Custom Button URL 2,Custom Button URL 2 - FR,Custom Button URL 2 - ZH-CN,Custom Button URL 2 - ES
2603,ROYAL QUARTZ MARAIS,TRUE,11 Rue Des Archives,,75004,Paris,Paris (75),FR,01 43 37 83 12,,,,,,,,,,,,,,,48.8578462,2.3544575,,,,,,,,,,,,,,,,,,,,,,,,,,,,,,,
2685,LA SAMARITAINE,TRUE,9 rue de la Monnaie,,75001,Paris,Paris (75),FR,01 88 88 60 00,,,,,,,,,,,,,,,48.8590930,2.3427000,,,,,,,,,,,,,,,,,,,,,,,,,,,,,,,
2094,LES MONTRES,TRUE,58 rue de Rennes,,75006,Paris,Paris (75),FR,01 53 92 51 61,,,,,,,,,,,,,,,48.8529200,2.3321495,,,,,,,,,,,,,,,,,,,,,,,,,,,,,,,
2147,ROMAIN REA,TRUE,"26, rue du Bac",,75007,Paris,Paris (75),FR,01 42 61 43 44,,,,,,,,,,,,,,,48.8578414,2.3279772,,,,,,,,,,,,,,,,,,,,,,,,,,,,,,,
2093,XP JOAILLIER,TRUE,9 Rue Du Marché Saint Honoré,,75001,Paris,Paris (75),FR,01 40 51 96 96,,,,,,,,,,,,,,,48.8662436,2.3312095,,,,,,,,,,,,,,,,,,,,,,,,,,,,,,,
2095,ANTOINE DE MACEDO HORLOGER,TRUE,201 Bd St Germain,,75007,Paris,Paris (75),FR,01 45 48 36 52,,,,,,,,,,,,,,,48.8555675,2.3265827,,,,,,,,,,,,,,,,,,,,,,,,,,,,,,,
2096,LE BON MARCHE,TRUE,22 Rue De Sèvres,,75007,Paris,Paris (75),FR,01 44 39 80 00,,,,,,,,,,,,,,,48.8506660,2.3248930,,,,,,,,,,,,,,,,,,,,,,,,,,,,,,,
2305,BUCHERER,TRUE,12 BOULEVARD DES CAPUCINES,,75009,Paris,Paris (75),FR,01 70 99 18 88,,,,,,,,,,,,,,,48.8706096,2.3310531,,,,,,,,,,,,,,,,,,,,,,,,,,,,,,,
2379,Bell & Ross,TRUE,40 Boulevard Haussmann,,75009,Paris,Paris (75),FR,06 19 35 72 68,,,,,,,,,,,,,,,48.8732007,2.3324222,,,,,,,,,,,,,,,,,,,,,,,,,,,,,,,
2103,ROYAL QUARTZ,TRUE,10 rue Royale,,75008,Paris,Paris (75),FR,01 42 65 00 43,,,,,,,,,,,,,,,48.8678450,2.3230966,,,,,,,,,,,,,,,,,,,,,,,,,,,,,,,
1569,Bell & Ross,TRUE,25 Rue Royale,Le Village Royal,75008,Paris,Paris (75),FR,01 40 07 98 52,,,,,,,,,,,,,,,48.8690233,2.3233868,,,,,,,,,,,,,,,,,,,,,,,,,,,,,,,
2100,HEURGON,TRUE,58 rue du Faubourg Saint Honoré,,75008,Paris,Paris (75),FR,01 40 98 09 60,,,,,,,,,,,,,,,48.8696306,2.3192686,,,,,,,,,,,,,,,,,,,,,,,,,,,,,,,
2098,CHAMPS D'OR,TRUE,6 Aenue Franklin Roosevelt,,75008,Paris,Paris (75),FR,01 40 76 02 02,,,,,,,,,,,,,,,48.8702989,2.3102373,,,,,,,,,,,,,,,,,,,,,,,,,,,,,,,
887332647035564881,HU HORLOGERIE,TRUE,112-114 Rue La Boétie,,75008,Paris,Paris,FR,01 53 75 18 88,,,,,,,,,,,,,,,48.8716245,2.3076607,,,,,,,,,,,,,,,,,,,,,,,,,,,,,,,
2686,ELYSÉES SHOPPING,TRUE,12 RUE DE BERRI,,75008,PARIS,Paris (75),FR,01 45 62 15 62,,,,,,,,,,,,,,,48.8724925,2.3044301,,,,,,,,,,,,,,,,,,,,,,,,,,,,,,,
2326,Bell & Ross,TRUE,"39, avenue des Ternes",,75017,Paris,Paris (75),FR,01 53 81 04 04,,,,,,,,,,,,,,,48.8786181,2.2935762,,,,,,,,,,,,,,,,,,,,,,,,,,,,,,,
2049,LES MONTRES,TRUE,"40, rue de Passy",,75016,Paris,Paris (75),FR,01 53 92 51 61,,,,,,,,,,,,,,,48.8579252,2.2804770,,,,,,,,,,,,,,,,,,,,,,,,,,,,,,,
2535,Royal Quartz - Orly Sud,TRUE,Aeroport D'Orly - Zone Internationale,,94396,Orly,Val-de-Marne (94),FR,01 70 03 31 10,,,,,,,,,,,,,,,,,,,,,,,,,,,,,,,,,,,,,,,,,,,,,,,
1897,LE PRINTEMPS PARLY 2,TRUE,Avenue Charles De Gaulle - Cc Parly 2,,78150,Le Chesnay,Yvelines (78),FR,01 72 10 07 35,,,,,,,,,,,,,,,48.8280252,2.1160855,,,,,,,,,,,,,,,,,,,,,,,,,,,,,,,
1973,ROYAL QUARTZ - TERMINAL 1,TRUE,Aeroport De Roissy - Terminal 1,,95741,Roissy-en-France,Val-d'Oise (95),FR,01 74 25 28 90,,,,,,,,,,,,,,,,,,,,,,,,,,,,,,,,,,,,,,,,,,,,,,,
1977,ROYAL QUARTZ - TERMINAL E1,TRUE,Aeroport De Roissy - Terminal E1,,95741,Roissy-en-France,Val-d'Oise (95),FR,01 74 25 28 90,,,,,,,,,,,,,,,,,,,,,,,,,,,,,,,,,,,,,,,,,,,,,,,
2122,BIJOUTERIE SALLIER,TRUE,7 Rue De La République,,45000,Orléans,Loiret (45),FR,02 38 53 77 73,,,,,,,,,,,,,,,47.9036374,1.9040968,,,,,,,,,,,,,,,,,,,,,,,,,,,,,,,
2157,FLINOIS,TRUE,29 rue des Trois Cailloux,,80000,Amiens,Somme (80),FR,03 22 91 57 68,,,,,,,,,,,,,,,49.8922375,2.3005331,,,,,,,,,,,,,,,,,,,,,,,,,,,,,,,
2123,GEAY,TRUE,28 rue Talleyrand,,51100,Reims,Marne (51),FR,03 26 88 55 40,,,,,,,,,,,,,,,49.2554475,4.0292712,,,,,,,,,,,,,,,,,,,,,,,,,,,,,,,
2106,COIFFARD,TRUE,4 Rue Raymond Poincaré,,10000,Troyes,Aube (10),FR,03 25 73 19 24,,,,,,,,,,,,,,,48.2964473,4.0759429,,,,,,,,,,,,,,,,,,,,,,,,,,,,,,,
2065,LE PRINTEMPS,TRUE,104 RUE EUGENE COLAS,,14800,Deauville,Calvados (14),FR,02 31 88 21 83,,,,,,,,,,,,,,,49.3594625,0.0714152,,,,,,,,,,,,,,,,,,,,,,,,,,,,,,,
3919461562557754333,LEPAGE,TRUE,30 AVENUE ROBERT COTY,,76600,LE HAVRE,,FR,02 35 41 72 97,,,,,,,,,,,,,,,49.4957555,0.1108991,,,,,,,,,,,,,,,,,,,,,,,,,,,,,,,
2325,ROURE,TRUE,11-13 RUE DE BORDEAUX,,37000,Tours,Indre-et-Loire (37),FR,02 47 60 35 30,,,,,,,,,,,,,,,47.3895945,0.6907752,,,,,,,,,,,,,,,,,,,,,,,,,,,,,,,
2128,VANESTE,TRUE,3 Rue De La Grande Chaussée,,59800,Lille,Nord (59),FR,03 20 55 40 00,,,,,,,,,,,,,,,50.6382432,3.0638095,,,,,,,,,,,,,,,,,,,,,,,,,,,,,,,
7991966936330637941,Delrue 1904,TRUE,rue du Cygne 3,,7500,TOURNAI,,BE,069 22 34 55,,,,,,,,,,,,,,,50.6096800,3.3871500,,,,,,,,,,,,,,,,,,,,,,,,,,,,,,,
6672099396071614227,Joaillerie Michel,TRUE,PLACE VERTE 29,,6000,CHARLEROI,,BE,071 32 70 85,,,,,,,,,,,,,,,50.4075349,4.4421571,,,,,,,,,,,,,,,,,,,,,,,,,,,,,,,
2622751064617506804,Juwelier Haesevoets,TRUE,STORMESTRAAT 27,,8790,WAREGEM,,BE,056 61 07 36,,,,,,,,,,,,,,,50.8859100,3.4303300,,,,,,,,,,,,,,,,,,,,,,,,,,,,,,,
2127,VERHOEVEN,TRUE,37 place Jean Bart,,59140,Dunkerque,Nord (59),FR,03 28 66 82 75,,,,,,,,,,,,,,,51.0350733,2.3769666,,,,,,,,,,,,,,,,,,,,,,,,,,,,,,,
3627523535052276950,Tollet,TRUE,Chaussée de Bruxelles 177,,1410,WATERLOO,,BE,02 354 24 65,,,,,,,,,,,,,,,50.7167400,4.3984300,,,,,,,,,,,,,,,,,,,,,,,,,,,,,,,
690020629606317718,George Joailliers,TRUE,Shopping l Esplanade Place de l Accueil 10,,1348,LOUVAIN LA NEUVE,,BE,010 45 47 69,,,,,,,,,,,,,,,50.6702048,4.6158513,,,,,,,,,,,,,,,,,,,,,,,,,,,,,,,
8582511643414718608,George S,TRUE,Parvis St Pierre 14,,1180,UCCLE,,BE,02 343 52 34,,,,,,,,,,,,,,,50.8032900,4.3388800,,,,,,,,,,,,,,,,,,,,,,,,,,,,,,,
2570,BIJOUTERIE GAUTHERON,TRUE,61 Rue De La Liberte,,21000,Dijon,Côte-d'Or (21),FR,03 80 30 16 62,,,,,,,,,,,,,,,47.3220955,5.0383579,,,,,,,,,,,,,,,,,,,,,,,,,,,,,,,
8993967066128540485,Cosyns,TRUE,Avenue de la Toison d’Or 17A,,1050,BRUXELLES,,BE,02 511 45 49,,,,,,,,,,,,,,,50.8374356,4.3601924,,,,,,,,,,,,,,,,,,,,,,,,,,,,,,,
139711988563415143,Van Houtteghem,TRUE,DAMPOORTSTRAAT 1-3,,9000,GENT,,BE,09 225 50 45,,,,,,,,,,,,,,,51.0567800,3.7338800,,,,,,,,,,,,,,,,,,,,,,,,,,,,,,,
264286841359503011,Hulpiau,TRUE,LeopoldIIlaan 21,,8400,OOSTENDE,,BE,059 70 35 59,,,,,,,,,,,,,,,51.2173400,2.8955000,,,,,,,,,,,,,,,,,,,,,,,,,,,,,,,
2124,EDOUARD GENTON,TRUE,1 rue du Petit Paris,,57000,Metz,Moselle (57),FR,03 87 36 16 40,,,,,,,,,,,,,,,49.1183598,6.1750975,,,,,,,,,,,,,,,,,,,,,,,,,,,,,,,
2245,GEORGE JUWELIERS,TRUE,Bondgenotenlaan 42,,3000,LEUVEN,,BE,016 22 28 16,,,,,,,,,,,,,,,50.8795800,4.7060200,,,,,,,,,,,,,,,,,,,,,,,,,,,,,,,
2638,EDOUARD GENTON,TRUE,29-31 Rue Saint-Dizier,,54000,Nancy,Meurthe-et-Moselle (54),FR,03 83 22 72 16,,,,,,,,,,,,,,,48.6909847,6.1824117,,,,,,,,,,,,,,,,,,,,,,,,,,,,,,,
2621,Bijouterie Nora,TRUE,14 Rue Saint Georges,,54000,Nancy,Meurthe-et-Moselle (54),FR,03 83 30 83 00,,,,,,,,,,,,,,,48.6909019,6.1831105,,,,,,,,,,,,,,,,,,,,,,,,,,,,,,,
3740294766661864182,Windeshausen,TRUE,"80 Route de Longwy, Centre Commercial City Concorde",,8060,BERTRANGE,,LU,27 44 95 91,,,,,,,,,,,,,,,49.6015100,6.0639600,,,,,,,,,,,,,,,,,,,,,,,,,,,,,,,
2125,DANIEL GERARD,TRUE,8 Rue Du Luxembourg,,57100,Thionville,Moselle (57),FR,03 82 53 99 55,,,,,,,,,,,,,,,49.3585180,6.1683850,,,,,,,,,,,,,,,,,,,,,,,,,,,,,,,
8336774561894464849,Colman,TRUE,Elisabethlaan 17/19,,8300,KNOKKE,,BE,03 231 11 11,,,,,,,,,,,,,,,51.2158696,2.8915958,,,,,,,,,,,,,,,,,,,,,,,,,,,,,,,
3474833669839013438,Kayser-Reinert,TRUE,Avenue de la Liberté 46,,1930,LUXEMBOURG,,LU,48 92 11,,,,,,,,,,,,,,,49.6028600,6.1312100,,,,,,,,,,,,,,,,,,,,,,,,,,,,,,,
2477,LANDREAU JOAILLIER,TRUE,28 Rue Des Cordeliers,,86000,Poitiers,Vienne (86),FR,05 49 41 16 89,,,,,,,,,,,,,,,46.5824364,0.3416135,,,,,,,,,,,,,,,,,,,,,,,,,,,,,,,
9209810549617120572,Vercammen Clem,TRUE,Bergstraat 151,,2220,HEIST OP DE BERG,,BE,015 24 12 65,,,,,,,,,,,,,,,51.0769700,4.7170100,,,,,,,,,,,,,,,,,,,,,,,,,,,,,,,
5042104863124269023,Colman,TRUE,Eiermarkt 7,,2000,ANTWERPEN,,BE,03 231 11 11,,,,,,,,,,,,,,,51.2195700,4.4030700,,,,,,,,,,,,,,,,,,,,,,,,,,,,,,,
6998896685391449352,Kuypers,TRUE,rue de la Régence 1,,4000,LIEGE,,BE,04 222 16 23,,,,,,,,,,,,,,,50.6431200,5.5727100,,,,,,,,,,,,,,,,,,,,,,,,,,,,,,,
3827874669271255860,PRIEUR RENNES,TRUE,3 PLACE DU PARLEMENT,,35000,RENNES,Ille-et-Vilaine,FR,02 99 79 53 29,,,,,,,,,,,,,,,48.1116988,-1.6775469,,,,,,,,,,,,,,,,,,,,,,,,,,,,,,,
5455796465896589480,Jewelers Franssen,TRUE,Demerstraat 51-53,,3500,HASSELT,,BE,011 22 42 58,,,,,,,,,,,,,,,50.9321400,5.3383000,,,,,,,,,,,,,,,,,,,,,,,,,,,,,,,
4200443175299327221,Huybrechts Juweliers,TRUE,MARKT 39,,2440,GEEL,,BE,014 58 86 63,,,,,,,,,,,,,,,51.1616900,4.9909700,,,,,,,,,,,,,,,,,,,,,,,,,,,,,,,
2082380729091729174,VAESSEN MAASTRICHT,TRUE,MAASTRICHTER BRUGSTRAAT 9,,6231ES,MAASTRICHT,,NL,045 571 2440,,,,,,,,,,,,,,,50.8492300,5.6939000,,,,,,,,,,,,,,,,,,,,,,,,,,,,,,,
2135,PRIEUR,TRUE,1 RUE D'ORLEANS,,44000,Nantes,Loire-Atlantique (44),FR,02 40 48 69 95,,,,,,,,,,,,,,,47.2148533,-1.5564460,,,,,,,,,,,,,,,,,,,,,,,,,,,,,,,
1994,Bell & Ross,TRUE,Units 48-49 Burlington Arcade,,W1J 0QJ,London,,GB,020 7629 6464,,,,,,,,,,,,,,,51.5092401,-0.1404378,,,,,,,,,,,,,,,,,,,,,,,,,,,,,,,
5643691705917396956,VAESSEN,TRUE,Bongerd 11,,6411JL,HEERLEN,,NL,045 571 2440,,,,,,,,,,,,,,,50.8883500,5.9791300,,,,,,,,,,,,,,,,,,,,,,,,,,,,,,,
2238,BOUDOL Joaillier,TRUE,20 Rue Du 11 Novembre,,63000,Clermont-Ferrand,Puy-de-Dôme (63),FR,04 73 37 19 68,,,,,,,,,,,,,,,45.7788286,3.0821812,,,,,,,,,,,,,,,,,,,,,,,,,,,,,,,
7381243414815554851,Ernest Jones - Westfield White City,TRUE,Unit 1117 Ariel Way,"Westfield London, Shephards Bush",W12 7GD,London,,GB,020 8811 8880,,,,,,,,,,,,,,,,,,,,,,,,,,,,,,,,,,,,,,,,,,,,,,,
792061703091058359,Brunott Juwelier,TRUE,OUDE BINNEWEG 45,,3012JA,ROTTERDAM,,NL,010 411 6615,,,,,,,,,,,,,,,51.9180000,4.4763500,,,,,,,,,,,,,,,,,,,,,,,,,,,,,,,
2192,GALIO,TRUE,4A Georges Street,,AL3 4ER,ST ALBANS,,GB,01727 860329,,,,,,,,,,,,,,,51.7513883,-0.3421077,,,,,,,,,,,,,,,,,,,,,,,,,,,,,,,
8843796725193879658,ROEDELSPERGER by KUHN,TRUE,42 RUE DES TETES,,68000,COLMAR,Haut-Rhin,FR,03 89 41 23 25,,,,,,,,,,,,,,,48.0783291,7.3545191,,,,,,,,,,,,,,,,,,,,,,,,,,,,,,,
515579236481963035,Van Koningsbruggen,TRUE,WESTFIELD MALL OF THE NETHERLANDS JASMIJN 19,,2262AN,LEIDSCHENDAM,,NL,070 222 8359,,,,,,,,,,,,,,,52.0890800,4.3846600,,,,,,,,,,,,,,,,,,,,,,,,,,,,,,,
2602,EDOUARD GENTON,TRUE,16 Rue Des Fleurs,,68100,Mulhouse,Haut-Rhin (68),FR,03 89 46 12 22,,,,,,,,,,,,,,,47.7456491,7.3366190,,,,,,,,,,,,,,,,,,,,,,,,,,,,,,,
2355,Ph. TISSERONT,TRUE,85 Avenue De Gaulle,,69160,Lyon,Rhône (69),FR,04 78 34 19 21,,,,,,,,,,,,,,,45.7636811,4.7812663,,,,,,,,,,,,,,,,,,,,,,,,,,,,,,,
2133,LYON BIJOUX,TRUE,19 Rue Président Edouard Herriot,,69001,Lyon,Rhône (69),FR,04 78 28 29 11,,,,,,,,,,,,,,,45.7655874,4.8344321,,,,,,,,,,,,,,,,,,,,,,,,,,,,,,,
2268,AUGIS 1830,TRUE,31 Rue De La République,,69002,Lyon,Rhône (69),FR,04 72 41 18 30,,,,,,,,,,,,,,,45.7632425,4.8359398,,,,,,,,,,,,,,,,,,,,,,,,,,,,,,,
2136,J.L.MAIER HAUTE HORLOGERIE,TRUE,99 Rue Du Président Edouard Herriot,,69002,Lyon,Rhône (69),FR,04 78 42 08 81,,,,,,,,,,,,,,,45.7588509,4.8340244,,,,,,,,,,,,,,,,,,,,,,,,,,,,,,,
2132,EDOUARD GENTON,TRUE,6 Rue Du Temple-Neuf,,67000,Strasbourg,Bas-Rhin (67),FR,03 88 24 48 99,,,,,,,,,,,,,,,48.5832367,7.7492685,,,,,,,,,,,,,,,,,,,,,,,,,,,,,,,
2217,ALAIN,TRUE,35 Rue Du Temple,,17000,La Rochelle,Charente-Maritime (17),FR,05 46 41 42 37,,,,,,,,,,,,,,,46.1585433,-1.1532460,,,,,,,,,,,,,,,,,,,,,,,,,,,,,,,
2121872057176484072,Uhren Toussaint,TRUE,Sternstraße 68,,53111,Bonn,,DE,0228 97686810,,,,,,,,,,,,,,,50.7357850,7.0987510,,,,,,,,,,,,,,,,,,,,,,,,,,,,,,,
2213,MESURE ET ART DU TEMPS,TRUE,2 RUE EMILE BURGAULT,,56000,Vannes,Morbihan (56),FR,02 97 54 93 67,,,,,,,,,,,,,,,47.6579592,-2.7578298,,,,,,,,,,,,,,,,,,,,,,,,,,,,,,,
2423,ERNEST JONES - CAMBRIDGE,TRUE,Unit 44 Lion Yard,,CB2 3NA,Cambridge,,GB,01223 324791,,,,,,,,,,,,,,,,,,,,,,,,,,,,,,,,,,,,,,,,,,,,,,,
2166,JUWELIER BADORT,TRUE,NIEDERSTRASSE 3,,41460,NEUSS,Nordrhein-Westfalen,DE,02131 316520,,,,,,,,,,,,,,,51.2009140,6.6872180,,,,,,,,,,,,,,,,,,,,,,,,,,,,,,,
2258,Chronométrie CLARENCE SA,TRUE,Genève Aéroport,Route de l’Aéroport 21,1215,GENEVE,,CH,022 717 84 20,,,,,,,,,,,,,,,46.2271705,6.1026324,,,,,,,,,,,,,,,,,,,,,,,,,,,,,,,
2472,O.Zbinden,TRUE,Rue du Mont Blanc 17,,1201,GENEVE,,CH,022 732 55 05,,,,,,,,,,,,,,,46.2088531,6.1437375,,,,,,,,,,,,,,,,,,,,,,,,,,,,,,,
2493,RULLIERE BERNARD,TRUE,3 Avenue De La Libération,,42003,Saint-Étienne,Loire (42),FR,04 77 49 00 49,,,,,,,,,,,,,,,45.4370984,4.3896287,,,,,,,,,,,,,,,,,,,,,,,,,,,,,,,
2534,ERNEST JONES - OXFORD,TRUE,242 Westgate Queen Street,,OX1 1PE,Oxford,,GB,01865 203665,,,,,,,,,,,,,,,,,,,,,,,,,,,,,,,,,,,,,,,,,,,,,,,
2042,Ouranos,TRUE,Grand Chêne 7,,1003,Lausanne,,CH,021 311 11 88,,,,,,,,,,,,,,,46.5194027,6.6307199,,,,,,,,,,,,,,,,,,,,,,,,,,,,,,,
980403024316322016,BOLLWERK J AG,TRUE,Streitgasse 1,,4051,BASEL,,CH,061 229 06 50,,,,,,,,,,,,,,,47.5551601,7.5906009,,,,,,,,,,,,,,,,,,,,,,,,,,,,,,,
3387495133997818829,QP EXCLUSIVE HORLOGES,TRUE,Willemsparkweg 154,,1071HS,AMSTERDAM,,NL,020 623 6443,,,,,,,,,,,,,,,52.3562100,4.8708800,,,,,,,,,,,,,,,,,,,,,,,,,,,,,,,
2977709185499087061,ROYAL COSTER DIAMONDS BV,TRUE,Paulus Potterstraat 2,,1071CZ,Amsterdam,Noord-Holland,NL,020 305 5555,,,,,,,,,,,,,,,52.3595779,4.8831830,,,,,,,,,,,,,,,,,,,,,,,,,,,,,,,
2138,HEURE LOCALE,TRUE,1 rue Carnot,,74000,Annecy,Haute-Savoie (74),FR,04 50 52 93 58,,,,,,,,,,,,,,,45.9008499,6.1256621,,,,,,,,,,,,,,,,,,,,,,,,,,,,,,,
2155,UHRSACHEN,TRUE,KRAMGASSE 19,,3011,BERN,,CH,031 318 01 18,,,,,,,,,,,,,,,46.9478060,7.4512043,,,,,,,,,,,,,,,,,,,,,,,,,,,,,,,
1937915906229784580,Stoess GmbH,TRUE,Wilhelmstraße 34,,65183,Wiesbaden,,DE,0611 301068,,,,,,,,,,,,,,,50.0820050,8.2445410,,,,,,,,,,,,,,,,,,,,,,,,,,,,,,,
5632093831180949021,MAUER,TRUE,Kortumstraße 61,,44787,Bochum,,DE,0234 9643412,,,,,,,,,,,,,,,51.4805560,7.2170540,,,,,,,,,,,,,,,,,,,,,,,,,,,,,,,
2184,CHRONOMETRIE KAENEL,TRUE,Rue Centrale 111,,1884,VILLARS SUR OLLON,,CH,024 495 26 55,,,,,,,,,,,,,,,46.2982031,7.0545894,,,,,,,,,,,,,,,,,,,,,,,,,,,,,,,
2137,FUCHS,TRUE,259 Place Saint-Léger,,73000,Chambéry,Savoie (73),FR,04 79 33 26 64,,,,,,,,,,,,,,,45.5657194,5.9197310,,,,,,,,,,,,,,,,,,,,,,,,,,,,,,,
1980,ERNEST JONES - CRIBBS CAUSEWAY,TRUE,Unit 535 Lower Level - The Mall At Cribbs Causeway,,BS34 5GG,Bristol,,GB,0117 959 1990,,,,,,,,,,,,,,,,,,,,,,,,,,,,,,,,,,,,,,,,,,,,,,,
8187969892521056458,Goldschmiede Philipp Exner e.K.,TRUE,Markt 7,,45657,Recklinghausen,,DE,,,,,,,,,,,,,,,,51.6148180,7.1978190,,,,,,,,,,,,,,,,,,,,,,,,,,,,,,,
2394,ERNEST JONES - EXETER,TRUE,211 High Street,,EX4 3ED,Exeter,,GB,01392 436883,,,,,,,,,,,,,,,50.7236179,-3.5313993,,,,,,,,,,,,,,,,,,,,,,,,,,,,,,,
2557,FRANCIS & GAYE,TRUE,West Orchards Shopping Centre,,CV1 1QX,Coventry,,GB,024 7652 0040,,,,,,,,,,,,,,,,,,,,,,,,,,,,,,,,,,,,,,,,,,,,,,,
5903480175227974813,LOMBARD HORLOGER,TRUE,2 RUE DE LA REPUBLIQUE,,38000,GRENOBLE,,FR,04 76 44 26 95,,,,,,,,,,,,,,,45.1908756,5.7278743,,,,,,,,,,,,,,,,,,,,,,,,,,,,,,,
2675,MEISTER 1881 JUWELIER & UHREN,TRUE,BAHNHOFSTRASSE 34,,8001,Zurich,,CH,044 211 19 33,,,,,,,,,,,,,,,47.3710267,8.5388993,,,,,,,,,,,,,,,,,,,,,,,,,,,,,,,
2190615563345566670,Crouch – Fraser Hart,TRUE,"30 Grand Arcade, Dewi Sant St David’s",,CF10 2ER,Cardiff,,GB,029 2039 9769,,,,,,,,,,,,,,,51.4806961,-3.1751558,,,,,,,,,,,,,,,,,,,,,,,,,,,,,,,
70118,LE STYLO DES GRANDS HOMMES,TRUE,CENTRE COMMERCIAL DES GRANDS HOMMES,5 galerie des Grands Hommes,33000,Bordeaux,Gironde (33),FR,05 56 81 25 96,,,,,,,,,,,,,,,44.8430932,-0.5775818,,,,,,,,,,,,,,,,,,,,,,,,,,,,,,,
70117,PREVOT,TRUE,7 RUE FRANKLIN,,33000,BORDEAUX,Gironde (33),FR,05 56 48 29 87,,,,,,,,,,,,,,,44.8423830,-0.5782953,,,,,,,,,,,,,,,,,,,,,,,,,,,,,,,
2119,O.C.C.M.P,TRUE,119 cours Alsace Lorraine,,33000,Bordeaux,Gironde (33),FR,05 56 79 07 45,,,,,,,,,,,,,,,44.8375346,-0.5751116,,,,,,,,,,,,,,,,,,,,,,,,,,,,,,,
2333,Von Hofen Chronometrie & Schmuck,TRUE,Königstraße 42,,70173,Stuttgart,Baden-Württemberg,DE,0711 290988,,,,,,,,,,,,,,,48.7771350,9.1764660,,,,,,,,,,,,,,,,,,,,,,,,,,,,,,,
2849458998748040555,PRIEUR BREST,TRUE,37 RUE DE SIAM,,29200,BREST,Finistère,FR,02 98 44 43 27,,,,,,,,,,,,,,,48.3862608,-4.4912241,,,,,,,,,,,,,,,,,,,,,,,,,,,,,,,
2201,ANDREW MICHAELS,TRUE,38 Stodman Street,,NG24 1AW,NEWARK ON TRENT,,GB,01636 679638,,,,,,,,,,,,,,,53.0762590,-0.8116273,,,,,,,,,,,,,,,,,,,,,,,,,,,,,,,
2558,T.H. BAKER,TRUE,37-38 The Gallery Mander Centre,,WV1 3NJ,Wolverhampton,,GB,01902 382507,,,,,,,,,,,,,,,,,,,,,,,,,,,,,,,,,,,,,,,,,,,,,,,
2594,Olfert Juweliere,TRUE,Klingelbrink 1,,33378,Rheda-Wiedenbrück,Nordrhein-Westfalen,DE,04952 422211,,,,,,,,,,,,,,,51.8323450,8.3110060,,,,,,,,,,,,,,,,,,,,,,,,,,,,,,,
2115119661778864692,CW Sellors,TRUE,10 The Square,,SY1 1LA,Shrewsbury,Shropshire,GB,01743 213476,,,,,,,,,,,,,,,52.7073157,-2.7547836,,,,,,,,,,,,,,,,,,,,,,,,,,,,,,,
1942,CW SELLORS BAKEWELL BOUTIQUE,TRUE,Royal Oak Place - Matlock Street,,DE45 1EE,Bakewell,,GB,01629 812155,,,,,,,,,,,,,,,53.2123918,-1.6746545,,,,,,,,,,,,,,,,,,,,,,,,,,,,,,,
2575,BOGLIETTI,TRUE,Via Italia 11,,13900,Biella,,IT,015 252 2169,,,,,,,,,,,,,,,45.5646676,8.0564104,,,,,,,,,,,,,,,,,,,,,,,,,,,,,,,
1943,ERNEST JONES - MEADOWHALL,TRUE,66 High Street - Meadowhall Centre,,S9 1EN,Sheffield,,GB,0114 256 9337,,,,,,,,,,,,,,,,,,,,,,,,,,,,,,,,,,,,,,,,,,,,,,,
2550,DUMAS JOAILLIER HORLOGER,TRUE,"2 Place De L'Horloge, 84000 Avignon",,84000,Avignon,Vaucluse (84),FR,04 90 82 61 94,,,,,,,,,,,,,,,43.9488730,4.8062180,,,,,,,,,,,,,,,,,,,,,,,,,,,,,,,
727445623998056403,Chisholm Hunter – Manchester,TRUE,Manchester Arndale,Cromford Court 60,M4 3AD,Manchester,Greater Manchester,GB,0161 833 3859,,,,,,,,,,,,,,,53.3210554,-1.9823364,,,,,,,,,,,,,,,,,,,,,,,,,,,,,,,
2117,QUINTANA,TRUE,19 Place Victor Hugo,,31000,Toulouse,Haute-Garonne (31),FR,05 61 23 43 81,,,,,,,,,,,,,,,43.6060535,1.4463123,,,,,,,,,,,,,,,,,,,,,,,,,,,,,,,
2182,ROCCA 1794,TRUE,VIA NASSA 4,,6900,LUGANO,,CH,091 924 90 65,,,,,,,,,,,,,,,46.0025713,8.9496786,,,,,,,,,,,,,,,,,,,,,,,,,,,,,,,
2359,FRAYSSINET JOAILLIER,TRUE,33 Rue Du Languedoc,,31000,Toulouse,Haute-Garonne (31),FR,05 61 53 99 04,,,,,,,,,,,,,,,43.5984218,1.4454411,,,,,,,,,,,,,,,,,,,,,,,,,,,,,,,
2194,MINUTE ET SECONDE,TRUE,"14, rue Foch",,34000,Montpellier,Hérault (34),FR,04 67 58 34 48,,,,,,,,,,,,,,,43.6109290,3.8744498,,,,,,,,,,,,,,,,,,,,,,,,,,,,,,,
2689,Ernest Jones - Trafford,TRUE,108 The Dome,The Trafford Centre,M17 8DF,Manchester,,GB,0161 746 9201,,,,,,,,,,,,,,,53.4658916,-2.3483838,,,,,,,,,,,,,,,,,,,,,,,,,,,,,,,
3339385905214003216,Bradleys the Jewellers,TRUE,56-58 Stonegate,,YO1 8AS,York,,GB,01904 541421,,,,,,,,,,,,,,,53.9606053,-1.0822377,,,,,,,,,,,,,,,,,,,,,,,,,,,,,,,
2120,GUILHEM JOAILLIERS,TRUE,11 rue du 4 Septembre,,34500,Béziers,Hérault (34),FR,04 67 28 34 05,,,,,,,,,,,,,,,43.3394554,3.2095332,,,,,,,,,,,,,,,,,,,,,,,,,,,,,,,
2361,BIJOUTERIE ALBERT,TRUE,3 Boulevard De La Republique,,13300,Salon-de-Provence,Bouches-du-Rhône (13),FR,04 90 56 05 11,,,,,,,,,,,,,,,43.6403750,5.0946870,,,,,,,,,,,,,,,,,,,,,,,,,,,,,,,
2378,JUWELIER MAYER,TRUE,Annastraße 35,,86150,Augsburg,Freistaat Bayern,DE,0821 509750,,,,,,,,,,,,,,,48.3671950,10.8953340,,,,,,,,,,,,,,,,,,,,,,,,,,,,,,,
2110,RAYNAL,TRUE,44 Cours MIRABEAU,,13100,Aix-en-Provence,Bouches du Rhône (13),FR,04 42 38 42 20,,,,,,,,,,,,,,,43.5268178,5.4509170,,,,,,,,,,,,,,,,,,,,,,,,,,,,,,,
2125139889720323368,Grimoldi Milano srl,TRUE,Piazza del Duomo 21,,20122,Milano,MI,IT,02 876092,,,,,,,,,,,,,,,45.4648256,9.1895699,,,,,,,,,,,,,,,,,,,,,,,,,,,,,,,
2695,GMT Italia - Milano,TRUE,Via della Spiga 25,,20121,Milano,,IT,02 4074 1198,,,,,,,,,,,,,,,45.4706346,9.1961225,,,,,,,,,,,,,,,,,,,,,,,,,,,,,,,
2349,BIJOUTERIE MOREAU,TRUE,4 Place Clemenceau,,64000,Pau,Pyrénées-Atlantiques (64),FR,05 59 27 34 02,,,,,,,,,,,,,,,43.2953180,-0.3678160,,,,,,,,,,,,,,,,,,,,,,,,,,,,,,,
2370,CORNALI XX SETTEMBRE,TRUE,Via XX Settembre n. 115,,24122,Bergamo,,IT,035 245550,,,,,,,,,,,,,,,45.6928728,9.6652384,,,,,,,,,,,,,,,,,,,,,,,,,,,,,,,
2108,FROJO JOAILLIER,TRUE,17 rue Grignan,,13006,Marseille,Bouches-du-Rhône (13),FR,04 91 54 88 78,,,,,,,,,,,,,,,43.2924342,5.3783515,,,,,,,,,,,,,,,,,,,,,,,,,,,,,,,
2129,ANDRE FAUR,TRUE,1 Bis Place Clémenceau,,64200,Biarritz,Pyrénées-Atlantiques (64),FR,05 59 24 21 86,,,,,,,,,,,,,,,43.4823200,-1.5618670,,,,,,,,,,,,,,,,,,,,,,,,,,,,,,,
2197,Jensen Juweliere,TRUE,Schlosstr.14B,,82031,Grünwald,Freistaat Bayern,DE,0491 638162211,,,,,,,,,,,,,,,48.0410185,11.5238721,,,,,,,,,,,,,,,,,,,,,,,,,,,,,,,
7340753123530554419,CHRIST Juweliere und Uhrmacher,TRUE,Kaufingerstraße 11,,80331,Munich,,DE,089 13957810,,,,,,,,,,,,,,,48.1375930,11.5728300,,,,,,,,,,,,,,,,,,,,,,,,,,,,,,,
3231937766762581458,VALER,TRUE,14 AVENUE DE VERDUN,,06000,NICE,,FR,04 93 16 29 16,,,,,,,,,,,,,,,43.6967316,7.2678140,,,,,,,,,,,,,,,,,,,,,,,,,,,,,,,
2451995051393102335,Ferret,TRUE,2 AVENUE DE VERDUN,,06000,Nice,Alpes-Maritimes,FR,04 93 87 78 95,,,,,,,,,,,,,,,43.6972845,7.2694946,,,,,,,,,,,,,,,,,,,,,,,,,,,,,,,
2652,AUBERI,TRUE,CAP 3000,Avenue Eugène Donadeï,06700,Saint-Laurent-du-Var,Alpes-Maritimes (06),FR,04 93 31 56 49,,,,,,,,,,,,,,,,,,,,,,,,,,,,,,,,,,,,,,,,,,,,,,,
2145,TEMPS et PASSIONS,TRUE,31 Boulevard des Moulins,,98000,MONACO,,MC,97 77 16 25,,,,,,,,,,,,,,,43.7440142,7.4286028,,,,,,,,,,,,,,,,,,,,,,,,,,,,,,,
2255,VOGTIME COMPANY WATCH,TRUE,122 - 124 RUE D ANTIBES,,06400,Cannes,Alpes-Maritimes (06),FR,04 93 68 28 81,,,,,,,,,,,,,,,43.5520100,7.0265100,,,,,,,,,,,,,,,,,,,,,,,,,,,,,,,
2331,Millennium,TRUE,Herzog-Frieedrichstrasse 34,,6020,Innsbruck,,AT,0664 88248510,,,,,,,,,,,,,,,47.2674119,11.3932533,,,,,,,,,,,,,,,,,,,,,,,,,,,,,,,
2235,DAURY JOAILLIER,TRUE,11 BOULEVARD DE STRASBOURG,,83000,Toulon,Var (83),FR,04 94 91 09 09,,,,,,,,,,,,,,,43.1251880,5.9308100,,,,,,,,,,,,,,,,,,,,,,,,,,,,,,,
2609,Gioielleria Fasoli,TRUE,Piazza Della Loggia 10,,25121,Brescia,,IT,390 304 5442,,,,,,,,,,,,,,,45.5398350,10.2207763,,,,,,,,,,,,,,,,,,,,,,,,,,,,,,,
2307,JOYERÍA OLAZABAL,TRUE,C/Garibay Nº2,,20004,San Sebastián,,ES,943 42 71 87,,,,,,,,,,,,,,,43.3216772,-1.9842602,,,,,,,,,,,,,,,,,,,,,,,,,,,,,,,
5364684445252133986,Maison Roca,TRUE,Av Meritxell 97,,AD500,Andorra la Vella,,AD,820 421,,,,,,,,,,,,,,,42.5084449,1.5327343,,,,,,,,,,,,,,,,,,,,,,,,,,,,,,,
1712680415944489477,MAISON ROCA,TRUE,"Av. Meritxell, 97",,AD500,Andorra la Vella,,AD,820 421,,,,,,,,,,,,,,,42.5084449,1.5327343,,,,,,,,,,,,,,,,,,,,,,,,,,,,,,,
2009,BÀSIC MERCAT,TRUE,"Av. Meritxell, 50",,AD500,Andorra La Vella Andorre,,AD,885 110,,,,,,,,,,,,,,,42.5082960,1.5264935,,,,,,,,,,,,,,,,,,,,,,,,,,,,,,,
3327189854605978949,Av Meritxell 50,TRUE,Av Meritxell 50,,AD500,Andorra la Vella,,AD,855 110,,,,,,,,,,,,,,,42.5082478,1.5264020,,,,,,,,,,,,,,,,,,,,,,,,,,,,,,,
9009364026268275842,Gioielleria Fasoli,TRUE,Via Giuseppe Mazzini 26/b,,37121,Verona,VR,IT,045 800 1181,,,,,,,,,,,,,,,45.4415285,10.9964322,,,,,,,,,,,,,,,,,,,,,,,,,,,,,,,
2019,QUERA,TRUE,"C/Argenteria, 22",,17004,Girona,,ES,972 20 46 90,,,,,,,,,,,,,,,41.9850817,2.8246988,,,,,,,,,,,,,,,,,,,,,,,,,,,,,,,
6571065278188318899,Weir & Sons,TRUE,96-99 Grafton Street,,D02 WR12,Dublin,Dublin,IE,(01) 677 9678,,,,,,,,,,,,,,,53.3427230,-6.2597176,,,,,,,,,,,,,,,,,,,,,,,,,,,,,,,
2286,ALTMAN AZ S.R.O,TRUE,Prešovská 338/2,,30100,Plzeň,,CZ,731 635 596,,,,,,,,,,,,,,,49.7466140,13.3763351,,,,,,,,,,,,,,,,,,,,,,,,,,,,,,,
2859953021232607210,Joyería Unión Suiza,TRUE,"Avda. Diagonal, 482",,08006,Barcelone,Barcelone,ES,934 16 11 11,,,,,,,,,,,,,,,41.3957641,2.1553222,,,,,,,,,,,,,,,,,,,,,,,,,,,,,,,
2011,RABAT Casa Codina Barcelona,TRUE,"Passeig De Gràcia, 94",,08008,Barcelona,,ES,933 84 41 11,,,,,,,,,,,,,,,41.3953500,2.1614556,,,,,,,,,,,,,,,,,,,,,,,,,,,,,,,
2012,AURUM,TRUE,"Passatge Senillosa, 8",,08034,Barcelona,,ES,932 80 39 15,,,,,,,,,,,,,,,41.3954131,2.1244577,,,,,,,,,,,,,,,,,,,,,,,,,,,,,,,
2010,RABAT FLASH,TRUE,"Passeig De Gràcia, 59",,08007,Barcelona,,ES,932 72 24 23,,,,,,,,,,,,,,,41.3926860,2.1637429,,,,,,,,,,,,,,,,,,,,,,,,,,,,,,,
2114,BIJOUTERIE MARIOTTI,TRUE,12 Rue Clémenceau,,20260,Calvi,Haute-Corse (2B),FR,04 95 65 01 82,,,,,,,,,,,,,,,42.5662540,8.7574610,,,,,,,,,,,,,,,,,,,,,,,,,,,,,,,
2113,BIJOUTERIE MARIOTTI,TRUE,18 rue Notre-Dame,,20220,L'Île-Rousse,Haute-Corse (2B),FR,04 95 60 23 30,,,,,,,,,,,,,,,42.6356730,8.9384497,,,,,,,,,,,,,,,,,,,,,,,,,,,,,,,
2156,SOLANES JOIER,TRUE,C/MONTEROLS 31-33,,43201,REUS,Provincia de Tarragona,ES,977 34 06 27,,,,,,,,,,,,,,,41.1558479,1.1075331,,,,,,,,,,,,,,,,,,,,,,,,,,,,,,,
2159,CROATTO 1901 Srl,TRUE,"Via Cavour, 26/B",,33100,UDINE,,IT,0432 25031,,,,,,,,,,,,,,,46.0620343,13.2342851,,,,,,,,,,,,,,,,,,,,,,,,,,,,,,,
2018,DANESI 1815,TRUE,16 Boulevard Paoli,,20200,Bastia,Haute-Corse (2B),FR,04 95 31 44 03,,,,,,,,,,,,,,,42.6973800,9.4490300,,,,,,,,,,,,,,,,,,,,,,,,,,,,,,,
2498,ULIBARRI JOYEROS,TRUE,Calle Marqués De Teverga 4,,33005,Oviedo,,ES,985 25 79 36,,,,,,,,,,,,,,,43.3624808,-5.8550678,,,,,,,,,,,,,,,,,,,,,,,,,,,,,,,
2344,BENY Luxury Watches & Jewellery,TRUE,Václavské náměstí 52,,11000,Praha,,CZ,222 210 045,,,,,,,,,,,,,,,50.0805460,14.4280685,,,,,,,,,,,,,,,,,,,,,,,,,,,,,,,
2597,DAMIANO PARATI,TRUE,Ponte Vecchio 9/R,,50125,Firenze,,IT,351 205 0354,,,,,,,,,,,,,,,43.7682999,11.2534803,,,,,,,,,,,,,,,,,,,,,,,,,,,,,,,
2485,FRASER HART GLASGOW NO 2,TRUE,"6-10 Argyll Arcade , Glasgow",,G2 8BB,Glasgow,,GB,0141 221 8656,,,,,,,,,,,,,,,55.8585474,-4.2533864,,,,,,,,,,,,,,,,,,,,,,,,,,,,,,,
2372,LA GIOIELLERIA S.R.L.,TRUE,VIA CIOTTI 36,,34072,GRADISCA D'ISONZO,,IT,0481 960200,,,,,,,,,,,,,,,45.8887074,13.5033976,,,,,,,,,,,,,,,,,,,,,,,,,,,,,,,
2181,LA TOURMALINE,TRUE,Avenue Du Docteur Ramaroni Diamant II,,20000,Ajaccio,Corse-du-Sud (2A),FR,04 95 21 05 00,,,,,,,,,,,,,,,,,,,,,,,,,,,,,,,,,,,,,,,,,,,,,,,
2178,The Watch Gallery Siena,TRUE,Via Pianigiani N. 9,,53100,Siena,,IT,0577 111218,,,,,,,,,,,,,,,43.3211690,11.3300322,,,,,,,,,,,,,,,,,,,,,,,,,,,,,,,
8688703702222884146,VILLINI LA GIOIELLERIA,TRUE,"Via Santa Caterina da Siena, 7",,34122,Trieste,Trieste,IT,0481 960200,,,,,,,,,,,,,,,45.6506276,13.7746443,,,,,,,,,,,,,,,,,,,,,,,,,,,,,,,
2038,DAMIANO PARATI,TRUE,"Corso Italia, 36-38",,52100,AREZZO,,IT,0575 23671,,,,,,,,,,,,,,,43.4647462,11.8827770,,,,,,,,,,,,,,,,,,,,,,,,,,,,,,,
2164,FINNIES THE JEWELLERS,TRUE,219-223 George Street,,AB25 1HY,ABERDEEN,,GB,01224 636632,,,,,,,,,,,,,,,57.1509698,-2.1028064,,,,,,,,,,,,,,,,,,,,,,,,,,,,,,,
2073,SCHULLIN UND SOHNE,TRUE,Herrengasse 3,,8010,GRAZ,,AT,0316 813000,,,,,,,,,,,,,,,47.0708476,15.4392883,,,,,,,,,,,,,,,,,,,,,,,,,,,,,,,
8425213746838447961,CALVO,TRUE,"Conde de Pallares, 5",,27001,Lugo,,ES,982 23 03 21,,,,,,,,,,,,,,,43.0101085,-7.5573004,,,,,,,,,,,,,,,,,,,,,,,,,,,,,,,
2161,SCHULLIN Uhren im Looshaus,TRUE,Kohlmarkt 18,,1010,WIEN,,AT,01 5354828,,,,,,,,,,,,,,,48.2083302,16.3668459,,,,,,,,,,,,,,,,,,,,,,,,,,,,,,,
2426,Bell & Ross,TRUE,Spiegelgasse 2/1,,1010,Wien,,AT,01 5120096,,,,,,,,,,,,,,,48.2079717,16.3703074,,,,,,,,,,,,,,,,,,,,,,,,,,,,,,,
2608,PURE WISH GMBH,TRUE,SEILERSTATTE 16,,1010,WIEN,,AT,01 5123488,,,,,,,,,,,,,,,48.2053655,16.3745938,,,,,,,,,,,,,,,,,,,,,,,,,,,,,,,
2702,Klitgaard Ure,TRUE,Bispensgade 13,,9000,Aalborg,,DK,98 12 28 28,,,,,,,,,,,,,,,57.0493294,9.9195893,,,,,,,,,,,,,,,,,,,,,,,,,,,,,,,
3272614906791038598,Bell & Ross,TRUE,"Calle Serrano, 86",,28006,Madrid,Madrid,ES,910 11 32 03,,,,,,,,,,,,,,,40.4318847,-3.6865411,,,,,,,,,,,,,,,,,,,,,,,,,,,,,,,
2020,GRASSY,TRUE,"José Ortega Y Gasset, 17",,28006,Madrid,,ES,915 77 94 35,,,,,,,,,,,,,,,40.4305822,-3.6854536,,,,,,,,,,,,,,,,,,,,,,,,,,,,,,,
1271767652341229752,Joyerias Carbal Velazquez,TRUE,"Calle de Velázquez, 45",,28001,Madrid,,ES,914 31 81 50,,,,,,,,,,,,,,,40.4270651,-3.6841796,,,,,,,,,,,,,,,,,,,,,,,,,,,,,,,
2499,YANES,TRUE,Goya 27,,28001,Madrid,,ES,914 35 31 09,,,,,,,,,,,,,,,40.4254422,-3.6851277,,,,,,,,,,,,,,,,,,,,,,,,,,,,,,,
2306,RABAT Madrid,TRUE,"Calle De Serrano, 26",,28001,Madrid,,ES,914 31 93 33,,,,,,,,,,,,,,,40.4241858,-3.6877861,,,,,,,,,,,,,,,,,,,,,,,,,,,,,,,
2016,Grassy,TRUE,"Gran Vía, 1",,28013,Madrid,,ES,915 32 10 07,,,,,,,,,,,,,,,40.4191685,-3.6982404,,,,,,,,,,,,,,,,,,,,,,,,,,,,,,,
3460919279846215747,TOMASINI FRANCIA,TRUE,"Via Palazzo dei Duchi, 8",,06049,Spoleto,Pérouse,IT,055 1993 7755,,,,,,,,,,,,,,,42.7344573,12.7374478,,,,,,,,,,,,,,,,,,,,,,,,,,,,,,,
2607,TOMASINI FRANCIA SRL,TRUE,"LARGO ELIA ROSSI PASSAVANTI, 19",,05100,Terni,,IT,0744 408111,,,,,,,,,,,,,,,42.5647391,12.6486239,,,,,,,,,,,,,,,,,,,,,,,,,,,,,,,
2053,RABAT Valencia,TRUE,"C/Colòn, 41",,46002,Valencia,,ES,963 52 76 78,,,,,,,,,,,,,,,39.4709852,-0.3697888,,,,,,,,,,,,,,,,,,,,,,,,,,,,,,,
2938003492037519270,Rydbergs Ur,TRUE,Väla Centrum,Marknadsvägen 9,254 69,Ödåkra-väla,,SE,042-20 25 35,,,,,,,,,,,,,,,56.0920553,12.7568164,,,,,,,,,,,,,,,,,,,,,,,,,,,,,,,
8057510008196991059,TORRICO JOYEROS,TRUE,"Plaza Mayor, 44",,37002,Salamanca,,ES,923 28 13 80,,,,,,,,,,,,,,,40.9654373,-5.6644936,,,,,,,,,,,,,,,,,,,,,,,,,,,,,,,
7728210940413919870,Watch de Luxe,TRUE,Einsteinova 17,Aupark,851 01,Bratislava,Bratislava,SK,0915 790 549,,,,,,,,,,,,,,,48.1310800,17.1093600,,,,,,,,,,,,,,,,,,,,,,,,,,,,,,,
5343517432336733201,JUBILIER PLUCINSKI,TRUE,Plac Wolności 5,,61-738,Poznań,,PL,501 607 345,,,,,,,,,,,,,,,52.4076962,16.9270686,,,,,,,,,,,,,,,,,,,,,,,,,,,,,,,
2482,LIGUORI GIOIELLI,TRUE,Via di Vigna Stelluti 187,,00191,Roma,,IT,06 4543 5900,,,,,,,,,,,,,,,41.9472460,12.4682417,,,,,,,,,,,,,,,,,,,,,,,,,,,,,,,
2035,GIOIELLERIA MARTINI,TRUE,Via del Leoncino 12,,00186,ROMA,,IT,06 679 2862,,,,,,,,,,,,,,,41.9041502,12.4781423,,,,,,,,,,,,,,,,,,,,,,,,,,,,,,,
2694,LIGUORI GIOIELLI - Roma,TRUE,Via Ugo Ojetti 22/24,,00137,ROMA,,IT,06 8200 3860,,,,,,,,,,,,,,,41.9437450,12.5487417,,,,,,,,,,,,,,,,,,,,,,,,,,,,,,,
1997796890391311206,GIOIELLERIA GRANDE APPIA SRL,TRUE,Via Appia Nuova 104,,00183,ROMA,,IT,06 541 1384,,,,,,,,,,,,,,,41.8834393,12.5118406,,,,,,,,,,,,,,,,,,,,,,,,,,,,,,,
2273,JOYERIA SUIZA,TRUE,"Venezuela, 49",,36203,VIGO,Galicia,ES,986 22 11 25,,,,,,,,,,,,,,,42.2321540,-8.7181537,,,,,,,,,,,,,,,,,,,,,,,,,,,,,,,
99522095394072918,GIOIELLERIA GRANDE SRL,TRUE,Piazzale De Matthaeis 4,,03100,FROSINONE,,IT,0775 852770,,,,,,,,,,,,,,,41.6464820,13.3468616,,,,,,,,,,,,,,,,,,,,,,,,,,,,,,,
4320634400485355371,Lervik Ur AS,TRUE,Haraldsgata 93,,5528,Haugesund,,NO,52 70 03 50,,,,,,,,,,,,,,,59.4108000,5.2722000,,,,,,,,,,,,,,,,,,,,,,,,,,,,,,,
1948,DAVID ROSAS,TRUE,"Avenida dos Aliados, 237",,4000-407,Porto,,PT,22 766 2740,,,,,,,,,,,,,,,41.1495031,-8.6114465,,,,,,,,,,,,,,,,,,,,,,,,,,,,,,,
1263941814245901556,EL CORTE INGLES GAIA PORTO,TRUE,"Av. da República, 1435",,4430-999,Vila Nova de Gaia,,PT,22 378 1400,,,,,,,,,,,,,,,41.1256881,-8.6052474,,,,,,,,,,,,,,,,,,,,,,,,,,,,,,,
1919,Machado Joalheiro,TRUE,"Av Da Boavista, 3511 - Edificio Aviz",,4100-139,Porto,,PT,22 610 1283,,,,,,,,,,,,,,,41.1635948,-8.6652033,,,,,,,,,,,,,,,,,,,,,,,,,,,,,,,
6742717500457933536,FERRARA,TRUE,Corso Vittorio Emanuele 102,,84123,SALERNO,,IT,089 232097,,,,,,,,,,,,,,,40.6764638,14.7676933,,,,,,,,,,,,,,,,,,,,,,,,,,,,,,,
2381390784821446644,THUNE STORTINGSGATEN,TRUE,STORTINGSGATEN 6,,0161,OSLO,,NO,23 31 01 00,,,,,,,,,,,,,,,59.9129894,10.7382209,,,,,,,,,,,,,,,,,,,,,,,,,,,,,,,
2560,SAN ELOY JOYEROS,TRUE,"Reyes Católicos, 8",,18009,Granada,,ES,958 22 37 61,,,,,,,,,,,,,,,37.1743837,-3.5988978,,,,,,,,,,,,,,,,,,,,,,,,,,,,,,,
2324,MARIO MOSSA SRL,TRUE,Via Sparano 44/46,,70121,Bari,,IT,080 521 8835,,,,,,,,,,,,,,,41.1245847,16.8695489,,,,,,,,,,,,,,,,,,,,,,,,,,,,,,,
2277,EL CRONOMETRO,TRUE,"Calle Rioja, 26",,41001,SEVILLA,,ES,954 22 54 53,,,,,,,,,,,,,,,37.3908707,-5.9964921,,,,,,,,,,,,,,,,,,,,,,,,,,,,,,,
2660,TORRES JOALHEIROS,TRUE,Centro Colombo,Av. Lusíada Loja 130-133,1500-392,Lisboa,,PT,21 716 7000,,,,,,,,,,,,,,,,,,,,,,,,,,,,,,,,,,,,,,,,,,,,,,,
2315,El Corte Inglês,TRUE,"Av Antonio Augusto Aguiar,31",,1069-413,Lisboa,,PT,21 371 1700,,,,,,,,,,,,,,,38.7328007,-9.1531394,,,,,,,,,,,,,,,,,,,,,,,,,,,,,,,
2515,TORRES JOALHEIROS,TRUE,"Avenida Da Liberdade, 225",,1250-142,Lisboa,,PT,21 001 5280,,,,,,,,,,,,,,,38.7226278,-9.1483898,,,,,,,,,,,,,,,,,,,,,,,,,,,,,,,
3950099451338138690,GILLES JOALHEIROS,TRUE,Av. da Liberdade 103,,1250-140,Lisboa,,PT,21 346 6364,,,,,,,,,,,,,,,38.7183061,-9.1445535,,,,,,,,,,,,,,,,,,,,,,,,,,,,,,,
2579,ESPIRAL RELOJOARIA,TRUE,AVE. ENGENHEIRO DUARTE PACHECO 2037,,1070-103,LISBOA,,PT,21 016 3073,,,,,,,,,,,,,,,38.7235062,-9.1616805,,,,,,,,,,,,,,,,,,,,,,,,,,,,,,,
7653360508878739860,Joyería Marcos,TRUE,"Calle Marqués de Larios, 2",,29005,Málaga,,ES,952 21 38 93,,,,,,,,,,,,,,,36.7197167,-4.4234761,,,,,,,,,,,,,,,,,,,,,,,,,,,,,,,
2216466687980262264,Gómez & Molina Puerto Banús,TRUE,Paseo Benabola,Puerto Banús,29660,Marbella,Málaga,ES,952 81 72 89,,,,,,,,,,,,,,,36.4859002,-4.9545289,,,,,,,,,,,,,,,,,,,,,,,,,,,,,,,
2483071156216811440,NYMANS UR VÄSTERÅS,TRUE,Vasagatan 13,,722 15,Västerås,,SE,021-13 02 12,,,,,,,,,,,,,,,59.6107878,16.5453814,,,,,,,,,,,,,,,,,,,,,,,,,,,,,,,
2419,GORDILLO JOYEROS,TRUE,Calle San Francisco Nº 33,,11005,Cádiz,,ES,956 28 12 40,,,,,,,,,,,,,,,36.5312743,-6.2931443,,,,,,,,,,,,,,,,,,,,,,,,,,,,,,,
8381879667546013390,KRONS,TRUE,PK-Huset Hamngatan 14,,111 47,Stockholm,,SE,08-545 136 50,,,,,,,,,,,,,,,59.3329463,18.0701760,,,,,,,,,,,,,,,,,,,,,,,,,,,,,,,
2300,PRESTIGE JEWELLERS,TRUE,126-128 Main Street,,GX11 1AA,GIBRALTAR,,GI,200 47955,,,,,,,,,,,,,,,36.1415897,-5.3534746,,,,,,,,,,,,,,,,,,,,,,,,,,,,,,,
2676,MARIO MOSSA,TRUE,PIAZZA S.ORONZO 27,,73100,LECCE,,IT,0832 244533,,,,,,,,,,,,,,,40.3526316,18.1731462,,,,,,,,,,,,,,,,,,,,,,,,,,,,,,,
1164832265676659990,Dimax,TRUE,Vaļņu iela 1,Centra rajons,LV-1050,Rīga,,LV,67 212 424,,,,,,,,,,,,,,,56.9508100,24.1091200,,,,,,,,,,,,,,,,,,,,,,,,,,,,,,,
2435072611585224955,GOLDTIME,TRUE,Viru väljak 4,,10111,Tallinn,,EE,511 2230,,,,,,,,,,,,,,,59.4365146,24.7559339,,,,,,,,,,,,,,,,,,,,,,,,,,,,,,,
2249,ASEMAN KELLO,TRUE,ALEKSANTERINKATU 50,,00100,HELSINKI,,FI,09 665533,,,,,,,,,,,,,,,60.1686769,24.9435545,,,,,,,,,,,,,,,,,,,,,,,,,,,,,,,
2374,ASEMAN KELLO,TRUE,"KLUUVIKATU 4, GALLERIA ESPLANAD",,00100,HELSINKI,,FI,09 660033,,,,,,,,,,,,,,,60.1681563,24.9463217,,,,,,,,,,,,,,,,,,,,,,,,,,,,,,,
2516,WESTERBACK OY,TRUE,Kluuvikatu 3,,00100,Helsinki,,FI,020 7000605,,,,,,,,,,,,,,,60.1686421,24.9478466,,,,,,,,,,,,,,,,,,,,,,,,,,,,,,,
2563,Hovisepat,TRUE,"Hovisepät Oy, Alatori 1",,06500,Vaasa,,FI,010 3220442,,,,,,,,,,,,,,,63.0961200,21.6169700,,,,,,,,,,,,,,,,,,,,,,,,,,,,,,,
2058,Crystal Watch,TRUE,Volodymirska str. 20/ 1a,,03191,KIEV,Oblast de Kiev,UA,044 278 6111,,,,,,,,,,,,,,,50.4538447,30.5156122,,,,,,,,,,,,,,,,,,,,,,,,,,,,,,,
6339649237495892588,KASSIS,TRUE,18 Voukourestiou Street,,10671,Athens,,GR,21 0364 1000,,,,,,,,,,,,,,,37.9775000,23.7362900,,,,,,,,,,,,,,,,,,,,,,,,,,,,,,,
38595443210054453,SERKOS,TRUE,Kapsali 1,,10674,Athens,,GR,21 0722 8777,,,,,,,,,,,,,,,37.9768464,23.7415558,,,,,,,,,,,,,,,,,,,,,,,,,,,,,,,
773094774449942623,Kassis,TRUE,Enoplon Dinameon,Tria Pigadia,84600,Mikonos,,GR,2289 022825,,,,,,,,,,,,,,,,,,,,,,,,,,,,,,,,,,,,,,,,,,,,,,,
2258630676576160722,SAMI WATCHES & JEWELLERY,TRUE,"Ayazağa, Azerbaycan Cd. 3J D:NO;15",,34010,Istanbul,,TR,(0212) 559 55 65,,,,,,,,,,,,,,,41.1044932,28.9855889,,,,,,,,,,,,,,,,,,,,,,,,,,,,,,,
1929,Quadran Istanbul Istinyepark,TRUE,"Katar Caddesi, No: 11/520A - Istinyepark - Istinye-Sarıyer",,34460,Istanbul,,TR,(0212) 345 01 01,,,,,,,,,,,,,,,41.1094619,29.0314527,,,,,,,,,,,,,,,,,,,,,,,,,,,,,,,
2661,Quadran Galataport,TRUE,"Meclis-i Mebusan Caddesi, 12/1 B Beyoglu, Istanbul",,34425,Beyoğlu/İstanbul,,TR,(0212) 302 01 15,,,,,,,,,,,,,,,41.0284390,28.9857610,,,,,,,,,,,,,,,,,,,,,,,,,,,,,,,
641065923190219682,BEYMEN ZORLU CENTER,TRUE,Zorlu AVM Levazım Mah. Koru Sk. No:2 Zincirlikuyu,,34340,Beşiktaş/İstanbul,,TR,444 4 700,,,,,,,,,,,,,,,41.0656155,29.0169099,,,,,,,,,,,,,,,,,,,,,,,,,,,,,,,
5588943352972214297,KONYALI SAAT,TRUE,"Acıbadem, Akasya Avm, Çeçen Sok. No:25",,34660,Üsküdar/İstanbul,,TR,,,,,,,,,,,,,,,,41.0015970,29.0545294,,,,,,,,,,,,,,,,,,,,,,,,,,,,,,,
2289408636336011446,ENGIN SAAT,TRUE,"Barbaros Mah. Linden BLV. Uphill Court A-2 Blok, No:12 / inner door No: 9998",,34758,Istanbul,,TR,,,,,,,,,,,,,,,,40.9958844,29.1072977,,,,,,,,,,,,,,,,,,,,,,,,,,,,,,,
1502731851506770178,QUADRAN IZMIR ISTINYEPARK,TRUE,"Bahçelerarası, İstinyePark",,35330,Balçova/İzmir,,TR,,,,,,,,,,,,,,,,,,,,,,,,,,,,,,,,,,,,,,,,,,,,,,,,
2337,MERCURY FOUR SEASONS,TRUE,Kutuzovsky prospekt 48,,121352,MOSCOW,,RU,8 (495) 933-73-66,,,,,,,,,,,,,,,55.7315181,37.4863046,,,,,,,,,,,,,,,,,,,,,,,,,,,,,,,
1920,MERCURY RADISSON SLAVJANSKAYA,TRUE,"Radisson Slavjanskaya Hotel - Europe Square, 2, Radisson SAS Sla",,121059,MOSCOW,,RU,8 (495) 941-89-29,,,,,,,,,,,,,,,55.7418418,37.5668600,,,,,,,,,,,,,,,,,,,,,,,,,,,,,,,
1972,Mercury TSUM,TRUE,"Petrovka street, 2 - TC",,103779,MOSCOW,,RU,8 (495) 933-73-00,,,,,,,,,,,,,,,55.7607057,37.6197819,,,,,,,,,,,,,,,,,,,,,,,,,,,,,,,
1016452659053408,Sinan Saat,TRUE,Armada AVM Shopping Mall,C Blok Kat: -1 No: 38 Söğütözü,06510,Söğütözü,,TR,(0312) 266 25 55,,,,,,,,,,,,,,,,,,,,,,,,,,,,,,,,,,,,,,,,,,,,,,,
2415,GOLD TOUCH,TRUE,Calle Nuestra Señora del Carmen 62,"CENTRO COMERCIAL PLAZA, LOCAL 10",35660,Corralejo FUERTEVENTURA,Islas Canarias,ES,928 53 64 41,,,,,,,,,,,,,,,28.7425543,-13.8646734,,,,,,,,,,,,,,,,,,,,,,,,,,,,,,,
4145741156115629192,Viking Center,TRUE,"Merkez, Münir Özkul Liman Cd. 16/D",,07990,Antalya,,TR,0533 236 68 11,,,,,,,,,,,,,,,36.5997315,30.5640212,,,,,,,,,,,,,,,,,,,,,,,,,,,,,,,
1885,GOLD TOUCH,TRUE,Centro comercial El Castillo Local KLM,,35610,Caleta de Fuste,Fuerteventura,ES,928 16 37 93,,,,,,,,,,,,,,,,,,,,,,,,,,,,,,,,,,,,,,,,,,,,,,,
9207870377062818877,Gold Touch,TRUE,Centro comercial El Saladar Local 6,,35626,JANDIA,FUERTEVENTURA,ES,928 54 06 50,,,,,,,,,,,,,,,28.0488557,-14.3355376,,,,,,,,,,,,,,,,,,,,,,,,,,,,,,,
2392,18 Karat,TRUE,"Chekhova Street, 35/30",,344006,Rostov-On-Don,,RU,8 (863) 250-11-11,,,,,,,,,,,,,,,47.2389000,39.5432600,,,,,,,,,,,,,,,,,,,,,,,,,,,,,,,
2431,JOYERÍA PAGODA,TRUE,Avenida De Las Américas 7 - Cc Américas Plaza L29 Playa De Las A,,38660,Tenerife,,ES,922 79 11 05,,,,,,,,,,,,,,,28.0553627,-16.7310749,,,,,,,,,,,,,,,,,,,,,,,,,,,,,,,
2577,KONSTANTYN BOYAJIAN,TRUE,Vasilissis Freiderikis 20,,1066,NICOSIA,,CY,22 100119,,,,,,,,,,,,,,,35.1766154,33.3765231,,,,,,,,,,,,,,,,,,,,,,,,,,,,,,,
2507,FELOPATEER PALACE,TRUE,35 Giza Street,,11432,CAIRO,,EG,02 37498019,,,,,,,,,,,,,,,30.0363431,31.2188592,,,,,,,,,,,,,,,,,,,,,,,,,,,,,,,
2084,Gallery Brizo,TRUE,"131, Samarskaya Street",,443041,Samara,,RU,8 (846) 270-46-81,,,,,,,,,,,,,,,53.1926180,50.1056129,,,,,,,,,,,,,,,,,,,,,,,,,,,,,,,
3220942330482814935,CHRONOGRAPH,TRUE,"2, Freedom Square",,0105,Tbilisi,,GE,032 250 50 00,,,,,,,,,,,,,,,41.6941565,44.8009378,,,,,,,,,,,,,,,,,,,,,,,,,,,,,,,
5648503534622454792,CHRONOGRAPH,TRUE,5 Northern Ave,,0001,Yerevan,,AM,(011) 500400,,,,,,,,,,,,,,,40.1819869,44.5151927,,,,,,,,,,,,,,,,,,,,,,,,,,,,,,,
2479,ASTRAL,TRUE,8 Krause Street,,4240119,Netanya,,IL,052-205-0006,,,,,,,,,,,,,,,32.3277300,34.8549100,,,,,,,,,,,,,,,,,,,,,,,,,,,,,,,
2491,CLASSIC TIME,TRUE,"ul. Kommuny, 60",,454000,Chelyabinsk,,RU,8 (351) 263-77-83,,,,,,,,,,,,,,,55.1630537,61.3990580,,,,,,,,,,,,,,,,,,,,,,,,,,,,,,,
1806463331373307672,Swiss Gallery,TRUE,Babylon Rotana Hotel,Jadiriah,10070,Baghdad,Baghdad,IQ,0783 338 3338,,,,,,,,,,,,,,,,,,,,,,,,,,,,,,,,,,,,,,,,,,,,,,,
2395,INO,TRUE,KERUEN SHOPPING CENTER,"ST. DOSTYK 9, 2ND FLOOR, BOUTIQUE 43",010000,NUR-SULTAN,,KZ,8 (7172) 57 04 70,,,,,,,,,,,,,,,51.1281500,71.4254310,,,,,,,,,,,,,,,,,,,,,,,,,,,,,,,
2506,BAHRAIN JEWELLERY CENTRE,TRUE,"City Center, Building 2758, Road 4650, Sh. Khalifa Highway",,,Manama,,BH,1710 0134,,,,,,,,,,,,,,,26.2326455,50.5523551,,,,,,,,,,,,,,,,,,,,,,,,,,,,,,,
2509,AL MAJED JEWELLERY,TRUE,"THE PEARL, PORTO ARABIA",,,DOHA,,QA,,,,,,,,,,,,,,,,,,,,,,,,,,,,,,,,,,,,,,,,,,,,,,,,
2510,AL MAJED JEWELLERY,TRUE,CITY CENTER,,,DOHA,,QA,,,,,,,,,,,,,,,,,,,,,,,,,,,,,,,,,,,,,,,,,,,,,,,,
2112,TOURNEAU,TRUE,1095 Avenue Of The Americas,,10018,New York,NY,US,(212) 278-8041,,,,,,,,,,,,,,,40.7547166,-73.9848582,,,,,,,,,,,,,,,,,,,,,,,,,,,,,,,
2000,TOURNEAU,TRUE,510 Madison Avenue,,10022,New York,NY,US,(212) 758-5830,,,,,,,,,,,,,,,40.7597614,-73.9746435,,,,,,,,,,,,,,,,,,,,,,,,,,,,,,,
2224,CELLINI,TRUE,430 Park Avenue At 56Th Street,,10022,New York,NY,US,(212) 888-0505,,,,,,,,,,,,,,,40.7607270,-73.9717290,,,,,,,,,,,,,,,,,,,,,,,,,,,,,,,
2076,TOURNEAU,TRUE,12 East 57Th Street,,10022,New York,NY,US,(212) 758-7300,,,,,,,,,,,,,,,40.7624186,-73.9731383,,,,,,,,,,,,,,,,,,,,,,,,,,,,,,,
2321,SIMPSON JEWELERS,TRUE,4922 13Th Avenue,,11219,Brooklyn,NY,US,(718) 871-0120,,,,,,,,,,,,,,,40.6346830,-73.9926880,,,,,,,,,,,,,,,,,,,,,,,,,,,,,,,
2074,TIMEPIECE COLLECTION,TRUE,58 East Palisade Avenue,,07631,Englewood,NJ,US,(201) 894-1825,,,,,,,,,,,,,,,40.8926890,-73.9733000,,,,,,,,,,,,,,,,,,,,,,,,,,,,,,,
2357,ALICIA'S JEWELERS,TRUE,211-19 26Th Avenue,,11360,Bayside,NY,US,(718) 224-0075,,,,,,,,,,,,,,,40.7792982,-73.7788940,,,,,,,,,,,,,,,,,,,,,,,,,,,,,,,
2637,LONDON JEWELERS,TRUE,Americana Manhasset 2046 Northern Blvd. Manhasset NY 11030,,11030,Manhasset,NY,US,(516) 627-7475,,,,,,,,,,,,,,,40.7960150,-73.6720560,,,,,,,,,,,,,,,,,,,,,,,,,,,,,,,
2295,WILSON & SON Jewelers,TRUE,18 Chase Road,,10583,Scarsdale,NY,US,(914) 723-0327,,,,,,,,,,,,,,,40.9891102,-73.8065872,,,,,,,,,,,,,,,,,,,,,,,,,,,,,,,
7621351580097481351,Shoshany Jewelers,TRUE,4022 Route 9 South,,07751,Morganville,NJ,US,(732) 851-4500,,,,,,,,,,,,,,,40.3620830,-74.3057750,,,,,,,,,,,,,,,,,,,,,,,,,,,,,,,
2052,MANFREDI JEWELS,TRUE,121 Greenwich Avenue,,06830,Greenwich,CT,US,(203) 622-1414,,,,,,,,,,,,,,,41.0290170,-73.6261840,,,,,,,,,,,,,,,,,,,,,,,,,,,,,,,
6398172033268856005,Tourneau Walt Whitman Mall,TRUE,160 Walt Whitman Road,,11746,Huntington Station,NY,US,(631) 427-2649,,,,,,,,,,,,,,,40.8202417,-73.4093651,,,,,,,,,,,,,,,,,,,,,,,,,,,,,,,
2933987428242291562,Maddaloni Jewelers,TRUE,1870 East Jericho Turnpike,,11743,Huntington,NY,US,(631) 499-8800,,,,,,,,,,,,,,,40.8364550,-73.3336412,,,,,,,,,,,,,,,,,,,,,,,,,,,,,,,
2481,PRECISION WATCHES,TRUE,1612 N Bethlehem Pike,,19002,Lower Gwynedd,PA,US,(215) 343-4433,,,,,,,,,,,,,,,40.2053880,-75.2241200,,,,,,,,,,,,,,,,,,,,,,,,,,,,,,,
2402,GOVBERG,TRUE,65 St. James Place,,19003,Ardmore,PA,US,(610) 664-1715,,,,,,,,,,,,,,,40.0089352,-75.2878712,,,,,,,,,,,,,,,,,,,,,,,,,,,,,,,
2581,BENARI JEWELERS,TRUE,"100 Squire Drive, Suite 100",,19073,Newton Square,PA,US,(610) 355-1800,,,,,,,,,,,,,,,39.9896475,-75.4040683,,,,,,,,,,,,,,,,,,,,,,,,,,,,,,,
8427391201318884256,Hannoush Jewelers,TRUE,One MGM Way,MGM Springfield,01129,Springfield,MA,US,(413) 351-0280,,,,,,,,,,,,,,,,,,,,,,,,,,,,,,,,,,,,,,,,,,,,,,,
2669,Brent L. Miller Jewelers & Goldsmiths,TRUE,"1610 Manheim Pike, Lancaster, PA 17601, États-Unis",,17601,Lancaster,PA,US,(717) 569-5450,,,,,,,,,,,,,,,40.0814470,-76.3408510,,,,,,,,,,,,,,,,,,,,,,,,,,,,,,,
2618,Baxter's Fine Jewelry,TRUE,200 Jefferson Blvd,,02888,Warwick,RI,US,(401) 739-8222,,,,,,,,,,,,,,,41.7419150,-71.4377540,,,,,,,,,,,,,,,,,,,,,,,,,,,,,,,
5969535462954584176,Radcliffe Jewelers,TRUE,1819 Reisterstown Road,,21208,Baltimore,MD,US,(410) 484-2900,,,,,,,,,,,,,,,39.3888750,-76.7371510,,,,,,,,,,,,,,,,,,,,,,,,,,,,,,,
2301,SHREVE CRUMP & LOW,TRUE,39 Newbury Street,,02116,Boston,MA,US,(617) 267-9100,,,,,,,,,,,,,,,42.3523110,-71.0733320,,,,,,,,,,,,,,,,,,,,,,,,,,,,,,,
1566,LILJENQUIST & BECKSTEAD WATCH BOUTIQUE,TRUE,Tysons Galleria - 2001 International Drive 1798M,,22102,Mclean,VA,US,(703) 448-6731,,,,,,,,,,,,,,,38.9240330,-77.2246700,,,,,,,,,,,,,,,,,,,,,,,,,,,,,,,
2299,ORRS JEWELERS,TRUE,5857 Forbes Avenue,,15217,Pittsburgh,PA,US,(412) 421-6777,,,,,,,,,,,,,,,40.4382630,-79.9207120,,,,,,,,,,,,,,,,,,,,,,,,,,,,,,,
6745760170833212438,Hemsleys Jewellers,TRUE,2355-C Transcanada Highway West,,H9R 5Z5,Pointe-Claire,QC,CA,(514) 694-4600,,,,,,,,,,,,,,,45.4802303,-73.7972141,,,,,,,,,,,,,,,,,,,,,,,,,,,,,,,
2553,Bijouterie Dominic,TRUE,6810 St Laurent Blvd,,H2S3C6,Montreal,QC,CA,(514) 274-8015,,,,,,,,,,,,,,,45.5325556,-73.6139130,,,,,,,,,,,,,,,,,,,,,,,,,,,,,,,
1461761267355468235,Bandiera Jewellers,TRUE,123 Yorkville Avenue,,M5R 1C4,Toronto,ON,CA,(416) 642-8806,,,,,,,,,,,,,,,43.6703300,-79.3930730,,,,,,,,,,,,,,,,,,,,,,,,,,,,,,,
2276,Mariani Watch Boutique,TRUE,240 Leighland Avenue,,L6H3H6,Oakville,ON,CA,(905) 337-9799,,,,,,,,,,,,,,,43.4629120,-79.6881090,,,,,,,,,,,,,,,,,,,,,,,,,,,,,,,
2343,L'ORO JEWELLERY,TRUE,25 The West Mall,#3115,M9C 1B8,Etobicoke,ON,CA,(416) 622-9400,,,,,,,,,,,,,,,43.6118720,-79.5571300,,,,,,,,,,,,,,,,,,,,,,,,,,,,,,,
1870,CLASSIC CREATIONS,TRUE,77 Billy Bishop Way,,M3K0C2,Toronto,ON,CA,(416) 222-0405,,,,,,,,,,,,,,,43.7330560,-79.4514901,,,,,,,,,,,,,,,,,,,,,,,,,,,,,,,
617609549957781237,Bandiera Jewellers,TRUE,7777 Weston Road,unit 111,L4L 0G8,Vaughan,ON,CA,(905) 856-8860,,,,,,,,,,,,,,,43.7905540,-79.5466750,,,,,,,,,,,,,,,,,,,,,,,,,,,,,,,
6731858511383230445,Sheiban Jewelers,TRUE,16938 Pearl Road,,44136,Cleveland,OH,US,(440) 238-0616,,,,,,,,,,,,,,,41.2942290,-81.8361040,,,,,,,,,,,,,,,,,,,,,,,,,,,,,,,
5830536302474250920,Fox & Bailey Watch Shop,TRUE,415 Daniels Street,,27605,Raleigh,NC,US,(919) 829-7337,,,,,,,,,,,,,,,35.7894836,-78.6617250,,,,,,,,,,,,,,,,,,,,,,,,,,,,,,,
2232,WINDSOR JEWELERS,TRUE,526 South Stratford Road,,27103,Winston Salem,NC,US,(336) 721-1768,,,,,,,,,,,,,,,36.0886200,-80.2876840,,,,,,,,,,,,,,,,,,,,,,,,,,,,,,,
1918,DIAMOND CELLAR,TRUE,3960 New Bond St - Easton Town Center,,43219,Columbus,OH,US,(614) 923-6633,,,,,,,,,,,,,,,40.0533253,-82.9162413,,,,,,,,,,,,,,,,,,,,,,,,,,,,,,,
2495,Darakjian Jewelers,TRUE,101 Willits Street,,48009,Birmingham,MI,US,(888) 843-6659,,,,,,,,,,,,,,,42.5472618,-83.2161866,,,,,,,,,,,,,,,,,,,,,,,,,,,,,,,
2186,GREIS JEWELERS,TRUE,32940 Middlebelt Rd,,48334,Farmington Hills,MI,US,(248) 855-1730,,,,,,,,,,,,,,,42.5284604,-83.3385684,,,,,,,,,,,,,,,,,,,,,,,,,,,,,,,
2367,WINDSOR JEWELERS,TRUE,6809-D Phillips Place Court,,28210,Charlotte,NC,US,(704) 556-7747,,,,,,,,,,,,,,,35.1466230,-80.8267140,,,,,,,,,,,,,,,,,,,,,,,,,,,,,,,
6585241014708170781,James Free Jewelers,TRUE,9555 Main Street,,45242,Cincinnati,OH,US,(513) 793-0133,,,,,,,,,,,,,,,39.2294883,-84.3524386,,,,,,,,,,,,,,,,,,,,,,,,,,,,,,,
2700,Azzi Jewelers,TRUE,3007 E Saginaw St,,48912,Lansing,MI,US,(517) 332-7900,,,,,,,,,,,,,,,42.7410854,-84.5092535,,,,,,,,,,,,,,,,,,,,,,,,,,,,,,,
2151,ALMASSIAN JEWELERS,TRUE,1144 East Paris Avenue,,49546,Grand Rapids,MI,US,(616) 949-8888,,,,,,,,,,,,,,,42.9421630,-85.5695700,,,,,,,,,,,,,,,,,,,,,,,,,,,,,,,
2572,Sandler's Diamonds & Time,TRUE,920 Houston Northcutt Blvd A-9,,29464,Mount Pleasant,SC,US,(843) 936-3516,,,,,,,,,,,,,,,32.8020233,-79.8917187,,,,,,,,,,,,,,,,,,,,,,,,,,,,,,,
2218,MOYER FINE JEWELRY,TRUE,14727 Thatcher Lane,,46032,Carmel,IN,US,(317) 785-1143,,,,,,,,,,,,,,,40.0024887,-86.1261224,,,,,,,,,,,,,,,,,,,,,,,,,,,,,,,
2071,NEW YORK JEWELERS,TRUE,11 North Wabash Avenue,,60602,Chicago,IL,US,(312) 855-4999,,,,,,,,,,,,,,,41.8825520,-87.6255870,,,,,,,,,,,,,,,,,,,,,,,,,,,,,,,
2173,GENEVA SEAL,TRUE,112 East Oak Street,,60611,Chicago,IL,US,(312) 944-3100,,,,,,,,,,,,,,,41.9010020,-87.6252570,,,,,,,,,,,,,,,,,,,,,,,,,,,,,,,
4417574333140517730,13 SECRETS JEWELRY GALLERY,TRUE,513 Whitaker Street,,31401,Savannah,GA,US,(912) 484-0985,,,,,,,,,,,,,,,32.0698140,-81.0968450,,,,,,,,,,,,,,,,,,,,,,,,,,,,,,,
2454,SABRI GUVEN FINE JEWELRY,TRUE,2225 Old Milton Parkway,,30009,Alpharetta,GA,US,(770) 777-4800,,,,,,,,,,,,,,,34.0704780,-84.2930520,,,,,,,,,,,,,,,,,,,,,,,,,,,,,,,
8633204159608452450,CD Peacock,TRUE,298 Oakbrook Center,,60523,Oak Brook IL,IL,US,(630) 571-5355,,,,,,,,,,,,,,,41.8486648,-87.9515919,,,,,,,,,,,,,,,,,,,,,,,,,,,,,,,
3952721466988907261,ROLLAND'S JEWELERS,TRUE,500 NORTH MILWAUKEE AVE,,60048,LIBERTYVILLE,IL,US,(847) 918-7300,,,,,,,,,,,,,,,42.2879022,-87.9542078,,,,,,,,,,,,,,,,,,,,,,,,,,,,,,,
2242,KING JEWELERS,TRUE,4121 Hillsboro Road,,37215,Nashville,TN,US,(615) 724-5464,,,,,,,,,,,,,,,36.1013120,-86.8191450,,,,,,,,,,,,,,,,,,,,,,,,,,,,,,,
2616,Orlando Watch Company,TRUE,329 N Park Ave #103,,32789,Winter Park,FL,US,(407) 975-9137,,,,,,,,,,,,,,,28.6002033,-81.3513218,,,,,,,,,,,,,,,,,,,,,,,,,,,,,,,
1567,OLD NORTHEAST JEWELERS,TRUE,1607 W Swann Ave Hyde Park Village,,33606,Tampa,FL,US,(813) 875-3935,,,,,,,,,,,,,,,27.9374785,-82.4762767,,,,,,,,,,,,,,,,,,,,,,,,,,,,,,,
2037,PROVIDENT JEWELERS,TRUE,828 West Indian town Road,,33458,Jupiter,FL,US,(561) 747-1317,,,,,,,,,,,,,,,26.9334730,-80.1084810,,,,,,,,,,,,,,,,,,,,,,,,,,,,,,,
2524,OLD NORTHEAST JEWELERS,TRUE,1131 4Th Street North,,33701,St. Petersburg,FL,US,(727) 898-4377,,,,,,,,,,,,,,,27.7838220,-82.6383502,,,,,,,,,,,,,,,,,,,,,,,,,,,,,,,
2856802388719928682,Continental Diamond,TRUE,1600 Utica Avenue South,Suite 130,55416,St. Louis Park,MN,US,(612) 824-4445,,,,,,,,,,,,,,,44.9660227,-93.3457668,,,,,,,,,,,,,,,,,,,,,,,,,,,,,,,
2294,PROVIDENT JEWELERS,TRUE,331 Clematis Street,,33401,West Palm Beach,FL,US,(561) 833-7755,,,,,,,,,,,,,,,26.7136570,-80.0531350,,,,,,,,,,,,,,,,,,,,,,,,,,,,,,,
2843072652134153517,Provident Jewelry,TRUE,11924 Forest Hill Blvd #1,,33414,Wellington,FL,US,(561) 798-0777,,,,,,,,,,,,,,,26.6510763,-80.2348760,,,,,,,,,,,,,,,,,,,,,,,,,,,,,,,
141124199462699204,Prive Jewelers,TRUE,"310 Plaza Real ,",,33432,Boca Raton,FL,US,(561) 361-2311,,,,,,,,,,,,,,,26.3536220,-80.0848710,,,,,,,,,,,,,,,,,,,,,,,,,,,,,,,
8279933913603530358,Provident Jewelry,TRUE,15245 South Tamiani Trail,Unit 15,33908,Fort Myers,FL,US,(239) 274-7777,,,,,,,,,,,,,,,26.5209902,-81.8679766,,,,,,,,,,,,,,,,,,,,,,,,,,,,,,,
2204,MEIEROTTO MIDWEST JEWELERS,TRUE,1900 Diamond Parkway,,64116,North Kansas City,MO,US,(816) 453-1111,,,,,,,,,,,,,,,39.1439550,-94.5597640,,,,,,,,,,,,,,,,,,,,,,,,,,,,,,,
2282,H & H JEWELS,TRUE,3434 Main Highway,,33133,Coconut Grove,FL,US,(305) 442-9760,,,,,,,,,,,,,,,25.7276590,-80.2430340,,,,,,,,,,,,,,,,,,,,,,,,,,,,,,,
1968,EXQUISITE TIMEPIECES,TRUE,4380 Gulf Shore Blvd North - Suite 800,,34103,Naples,FL,US,(239) 262-4545,,,,,,,,,,,,,,,26.1970643,-81.8113786,,,,,,,,,,,,,,,,,,,,,,,,,,,,,,,
2310,PROVIDENT JEWELERS,TRUE,766 5th Avenue South,,34102,Naples,FL,US,(239) 649-7200,,,,,,,,,,,,,,,26.1414909,-81.7968790,,,,,,,,,,,,,,,,,,,,,,,,,,,,,,,
4102522601602065294,Borsheims,TRUE,120 Regency Parkway,,68114,Omaha,NE,US,(800) 642-4438,,,,,,,,,,,,,,,41.2594740,-96.0718220,,,,,,,,,,,,,,,,,,,,,,,,,,,,,,,
7507416373711481220,Bliss Jewelers,TRUE,269 Front Street,,33040,Key West,FL,US,(305) 998-4839,,,,,,,,,,,,,,,24.5581296,-81.8071318,,,,,,,,,,,,,,,,,,,,,,,,,,,,,,,
1955,ROYAL JEWELS,TRUE,"Grace Bay Road, Grace Bay, Providenciales TKCA 1ZZ, Îles Turks et Caïques",,TKCA 1ZZ,Grace Bay,,TC,(649) 946-8800,,,,,,,,,,,,,,,,,,,,,,,,,,,,,,,,,,,,,,,,,,,,,,,
2568,Marc Samuels,TRUE,8549 Gaylord Parkway Suite #113,,75034,Frisco,TX,US,(469) 362-8786,,,,,,,,,,,,,,,33.1028441,-96.8096562,,,,,,,,,,,,,,,,,,,,,,,,,,,,,,,
2450,GOVINDJI'S LP,TRUE,245 N. Central Expressway,,75080,Richardson,TX,US,(972) 231-6776,,,,,,,,,,,,,,,32.9530610,-96.7340410,,,,,,,,,,,,,,,,,,,,,,,,,,,,,,,
2335,DEBOULLE DIAMOND & JEWELRY,TRUE,6821 Preston Road,,75205,Dallas,TX,US,(214) 522-2400,,,,,,,,,,,,,,,32.8490860,-96.8044510,,,,,,,,,,,,,,,,,,,,,,,,,,,,,,,
2279,ZADOK JEWELERS,TRUE,"1801 Post Oak Blvd Suite 100, Houston, TX 77056, États-Unis",,77056,Houston,TX,US,(713) 960-8950,,,,,,,,,,,,,,,29.7475587,-95.4605006,,,,,,,,,,,,,,,,,,,,,,,,,,,,,,,
2451,L. MAJORS,TRUE,2727 Exposition Blvd. #110,,78703,Austin,TX,US,(512) 473-0078,,,,,,,,,,,,,,,30.3041633,-97.7642509,,,,,,,,,,,,,,,,,,,,,,,,,,,,,,,
2723640124086649060,ISLAND JEWELERS - THE ISLAND PLAZA,TRUE,"The Paseo, Camana Bay Grand Cayman KY KY1-1110, The Paseo,",,KY1-1110,Camana Bay,,KY,(345) 640-5337,,,,,,,,,,,,,,,,,,,,,,,,,,,,,,,,,,,,,,,,,,,,,,,
8723398440098767923,ISLAND JEWELLERS,TRUE,"Camana Bay, 10 Market Street",,,Camana Bay,,KY,(345) 640-5337,,,,,,,,,,,,,,,19.3219776,-81.3781115,,,,,,,,,,,,,,,,,,,,,,,,,,,,,,,
9080983948409550260,ISLAND JEWELLERS,TRUE,"Owen Roberts International Airport, Owen Roberts Drive",,,George Town,,KY,(345) 640-5326,,,,,,,,,,,,,,,19.2959653,-81.3576869,,,,,,,,,,,,,,,,,,,,,,,,,,,,,,,
5961707528052035665,ISLAND JEWELLERS,TRUE,100 Seafarers Way,,,George Town,,KY,(345) 949-7098,,,,,,,,,,,,,,,19.2934730,-81.3845260,,,,,,,,,,,,,,,,,,,,,,,,,,,,,,,
1934,ULTRAJEWELS,TRUE,"La Isla Shopping Village,Blvd. Kukulcan Km. 12.5, Lote 8-10 - Lo",,77500,Cancun,Quintana Roo,MX,998 272 5467,,,,,,,,,,,,,,,21.1106267,-86.7643862,,,,,,,,,,,,,,,,,,,,,,,,,,,,,,,
2933667259198704472,ULTRAJEWELS LA ISLA FASHION HARBOUR,TRUE,"BOULEVARD KUKULCAN KM.12 , MZA 52, LOTES 18-10 y 18-11, ZH",,77500,Cancún,Quintana Roo,MX,,,,,,,,,,,,,,,,21.1611341,-86.8089922,,,,,,,,,,,,,,,,,,,,,,,,,,,,,,,
1970,DIAMONDS FOREVER,TRUE,Shop#16 - Tajmahal Shopping Centre,,,Ocho Rios,,JM,(876) 974-6421,,,,,,,,,,,,,,,,,,,,,,,,,,,,,,,,,,,,,,,,,,,,,,,
6937916698953002766,VILLA RUSSO 1898,TRUE,C. Max Henriquez Ureña 50,,10148,Santo Domingo,,DO,(809) 566-8008,,,,,,,,,,,,,,,18.4736111,-69.9345001,,,,,,,,,,,,,,,,,,,,,,,,,,,,,,,
5983162403826082997,BOUTIQUE WALDORF ASTORIA CANCUN,TRUE,"Carretera Federal Libre 307 Cancun-Tulum 248+868 SM-36 MZ-1, L-1-01 UPE-1E",,77580,Cancún,Quintana Roo,MX,,,,,,,,,,,,,,,,21.1325829,-86.8358054,,,,,,,,,,,,,,,,,,,,,,,,,,,,,,,
7955189653508405786,ULTRAJEWELS PASEO DEL CARMEN,TRUE,"AV. 10 SUR CON 1a SUR S/N MZA 8, LOTE 1, COL. CENTRO",,77710,Playa Del C. Solidaridad,Quintana Roo,MX,,,,,,,,,,,,,,,,,,,,,,,,,,,,,,,,,,,,,,,,,,,,,,,,
2072,R KURY JEWELERS,TRUE,253 Calle De La Fortaleza #253,,00901,San Juan,,PR,(787) 466-6653,,,,,,,,,,,,,,,18.4653092,-66.1150114,,,,,,,,,,,,,,,,,,,,,,,,,,,,,,,
2069,OSTER JEWELERS,TRUE,251 Steele Street,,80206,Denver,CO,US,(303) 572-1111,,,,,,,,,,,,,,,39.7206380,-104.9502190,,,,,,,,,,,,,,,,,,,,,,,,,,,,,,,
6854810937577605207,Right Time Watches,TRUE,7110 East County Line Road,,80126,Highlands Ranch,CO,US,(303) 862-3900,,,,,,,,,,,,,,,39.5655623,-104.9060114,,,,,,,,,,,,,,,,,,,,,,,,,,,,,,,
1967,BALLERINA JEWELERS,TRUE,5176 Dronningens Gade,Suite 2,00802,Saint Thomas,Virgin Islands,VI,(340) 777-1118,,,,,,,,,,,,,,,18.3419026,-64.9321755,,,,,,,,,,,,,,,,,,,,,,,,,,,,,,,
2064,LITTLE SWITZERLAND,TRUE,5182 Dronningens Gade,,00802,Saint Thomas,Saint Thomas,VI,,,,,,,,,,,,,,,,18.3413800,-64.9338580,,,,,,,,,,,,,,,,,,,,,,,,,,,,,,,
7787220562097550923,Goldfinger Jewelry,TRUE,Rue du Président Kennedy,,97150,Marigot,,MF,0590 87 59 96,,,,,,,,,,,,,,,,,,,,,,,,,,,,,,,,,,,,,,,,,,,,,,,
2187,LITTLE EUROPE JEWELLERS,TRUE,"80 Front Street, Sint Maarten",,,Philipsburg,,SX,(721) 542-4371,,,,,,,,,,,,,,,18.0242168,-63.0471329,,,,,,,,,,,,,,,,,,,,,,,,,,,,,,,
2376,BALLERINA JEWELERS - Front Street,TRUE,"56 Front Street, sint maarten",,,PHILIPSBURG,,SX,(721) 542-4399,,,,,,,,,,,,,,,18.0237002,-63.0458954,,,,,,,,,,,,,,,,,,,,,,,,,,,,,,,
2375,LITTLE EUROPE JEWELLERS,TRUE,"2 Front Street, sint maarten",,,PHILIPSBURG,,SX,(721) 542-3153,,,,,,,,,,,,,,,18.0215756,-63.0421771,,,,,,,,,,,,,,,,,,,,,,,,,,,,,,,
2209,MONTALVO JEWELERS,TRUE,1910 South 10th Street,,78503,McAllen,TX,US,(956) 631-7940,,,,,,,,,,,,,,,26.1868010,-98.2331700,,,,,,,,,,,,,,,,,,,,,,,,,,,,,,,
2607573477682674215,Rachel Lynn Chicago,TRUE,"103, South Mill Street",,81611,Aspen,CO,US,(970) 825-2463,,,,,,,,,,,,,,,39.1904326,-106.8194991,,,,,,,,,,,,,,,,,,,,,,,,,,,,,,,
1906,MARIO RAMOS,TRUE,Centro Comercial Fashion Drive A.,Diego Rivera 1000. Col. Zona Loma Larga Oriente,66260,Monterrey,Nuevo León,MX,81 8148 4446,,,,,,,,,,,,,,,25.6512503,-100.3349906,,,,,,,,,,,,,,,,,,,,,,,,,,,,,,,
1905,MARIO RAMOS,TRUE,Av. Jose Vasconcelos 402 - Col. Del Valle,,66230,Monterrey,Nuevo León,MX,81 8335 2358,,,,,,,,,,,,,,,25.6527187,-100.3790966,,,,,,,,,,,,,,,,,,,,,,,,,,,,,,,
2062,Grain d'Or,TRUE,Centre commercial Milénis,,97139,Les Abymes,,GP,0590 48 01 02,,,,,,,,,,,,,,,,,,,,,,,,,,,,,,,,,,,,,,,,,,,,,,,
2061,TIME SQUARE JEWELS & TIME,TRUE,"Paseo Herencia Mall, J.E. Irausquin Blvd 382A, Noord, Aruba",,,ORANJESTAD,,AW,583 6833,,,,,,,,,,,,,,,12.5741389,-70.0438694,,,,,,,,,,,,,,,,,,,,,,,,,,,,,,,
3756561852074881648,LITTLE EUROPE JEWELS & TIME,TRUE,"Hyatt Regency Aruba Resort Spa And Casino, J.E. Irausquin Blvd 85, Noord",,,PALM BEACH,,AW,733 7447,,,,,,,,,,,,,,,12.5718501,-70.0458291,,,,,,,,,,,,,,,,,,,,,,,,,,,,,,,
2270,LITTLE EUROPE JEWELS & TIME,TRUE,L.G. Smith Blvd 15,,,ORANJESTAD,,AW,583 6833,,,,,,,,,,,,,,,12.5197237,-70.0394578,,,,,,,,,,,,,,,,,,,,,,,,,,,,,,,
2174,J BROOKS,TRUE,152 East Winchester,,84107,Murray,UT,US,(801) 266-4747,,,,,,,,,,,,,,,40.6323668,-111.8872506,,,,,,,,,,,,,,,,,,,,,,,,,,,,,,,
8518014717415178526,J Brooks Jewelers,TRUE,1791 W Traverse Pkwy B,,84043,Lehi,UT,US,(385) 336-7400,,,,,,,,,,,,,,,40.4322986,-111.8786212,,,,,,,,,,,,,,,,,,,,,,,,,,,,,,,
2067,FELDMAR,TRUE,9000 West Pico Boulevard,,90035,Los Angeles,CA,US,(310) 274-8016,,,,,,,,,,,,,,,34.0550560,-118.3879670,,,,,,,,,,,,,,,,,,,,,,,,,,,,,,,
2079,WESTIME,TRUE,216 North Rodeo Drive,,90210,Beverly Hills,CA,US,(310) 271-0000,,,,,,,,,,,,,,,34.0673440,-118.4008500,,,,,,,,,,,,,,,,,,,,,,,,,,,,,,,
2003,SWISS WATCH GALLERY,TRUE,940 The Shops At Mission Viejo,,92691,Mission Viejo,CA,US,(949) 364-2500,,,,,,,,,,,,,,,33.5634000,-117.6719617,,,,,,,,,,,,,,,,,,,,,,,,,,,,,,,
2341,WESTIME,TRUE,1227 Prospect St.,,92037,La Jolla,CA,US,(858) 459-2222,,,,,,,,,,,,,,,32.8487660,-117.2718550,,,,,,,,,,,,,,,,,,,,,,,,,,,,,,,
1858,HOROLOGIO,TRUE,The Grand Canal Shoppes At The Venetian,3377 Las Vegas Boulevard,89109,Las Vegas,NV,US,(702) 733-0016,,,,,,,,,,,,,,,36.1215770,-115.1689856,,,,,,,,,,,,,,,,,,,,,,,,,,,,,,,
2066,CHATEL & CO. JEWELERS,TRUE,Lincoln Street Between Ocean And 7Th Av.,,93921,Carmel-By-The-Sea,CA,US,(831) 626-3445,,,,,,,,,,,,,,,,,,,,,,,,,,,,,,,,,,,,,,,,,,,,,,,
1854,CH PREMIER JEWELERS,TRUE,Westfield Valley Fair - 2855 Stevens Creek Blvd Ste. 1251,,95050,Santa Clara,CA,US,(408) 983-2688,,,,,,,,,,,,,,,37.3253900,-121.9453640,,,,,,,,,,,,,,,,,,,,,,,,,,,,,,,
2404,STEPHEN SILVER FINE JEWELRY,TRUE,"500 El Camino Real, Suite 300",,94025,Menlo Park,CA,US,(650) 325-9500,,,,,,,,,,,,,,,37.4504693,-122.1766123,,,,,,,,,,,,,,,,,,,,,,,,,,,,,,,
2667,Topper,TRUE,"1315 Burlingame Ave. Burlingame, CA 94010",,94010,Burlingame,CA,US,(650) 347-2221,,,,,,,,,,,,,,,37.5780660,-122.3473060,,,,,,,,,,,,,,,,,,,,,,,,,,,,,,,
743684773375081290,DFS SAN FRANCISCO AIRPORT,TRUE,Duty Free Shop San Francisco,,94128,San Francisco,CA,US,,,,,,,,,,,,,,,,,,,,,,,,,,,,,,,,,,,,,,,,,,,,,,,,
2048,GANEM JEWELERS,TRUE,18560 N. Scottsdale Road #190,,85054,Phoenix,AZ,US,(480) 820-1122,,,,,,,,,,,,,,,33.6543602,-111.9258865,,,,,,,,,,,,,,,,,,,,,,,,,,,,,,,
1708589272693124495,Simmons Fine Jewelry,TRUE,1220 N Olive Ave,,83642,Meridian,ID,US,(208) 888-2799,,,,,,,,,,,,,,,43.6159780,-116.3552190,,,,,,,,,,,,,,,,,,,,,,,,,,,,,,,
2554,WATCHWORKS,TRUE,2705 SE Ash Street,Suite 1,97214,Portland,OR,US,(503) 223-1368,,,,,,,,,,,,,,,45.5216205,-122.6381722,,,,,,,,,,,,,,,,,,,,,,,,,,,,,,,
6575414955752962090,LUXURY AVENUE LOS CABOS,TRUE,"CENTRO COMERCIAL LUXURY AVENUE, AV. LAZARO CARDENAS S/N ESQ. CABO BELLO, INT. PLAZA ""PUERTO PARAISO"". COL. EL MEDANO",,23410,Cabo San Lucas,Baja California Sur,MX,,,,,,,,,,,,,,,,,,,,,,,,,,,,,,,,,,,,,,,,,,,,,,,,
1893,ULTRAJEWELS,TRUE,Luxury Avenue Marina Los Cabos - Calle Los Olivos Mza 66 Lotes 8,,23453,Cabo San Lucas,Baja California Sur,MX,624 163 4280,,,,,,,,,,,,,,,,,,,,,,,,,,,,,,,,,,,,,,,,,,,,,,,
2650,Montecristo Jewellers,TRUE,852 W Hastings Sreet,,V6C 1C8,Vancouver,BC,CA,(604) 899-8866,,,,,,,,,,,,,,,49.2863870,-123.1158190,,,,,,,,,,,,,,,,,,,,,,,,,,,,,,,
2040,CALGARY JEWELLERY,TRUE,"1331 – 17th Avenue, Southwest,",,T2T0C4,Calgary,AB,CA,(403) 245-3131,,,,,,,,,,,,,,,51.0376060,-114.0927640,,,,,,,,,,,,,,,,,,,,,,,,,,,,,,,
2639,MACAME,TRUE,C.C La Isla - Puerto VallartaAv. Francisco Medina Asencio No. 24,,48333,Puerto Vallarta,Jalisco,MX,322 688 1449,,,,,,,,,,,,,,,,,,,,,,,,,,,,,,,,,,,,,,,,,,,,,,,
2221,MACAME,TRUE,Blvd Puerta de Hierro No. 4965 Local UPV-416 Col. Centro Comerci,,45118,Guadalajara,Jalisco,MX,33 2014 0484,,,,,,,,,,,,,,,20.7104414,-103.4119623,,,,,,,,,,,,,,,,,,,,,,,,,,,,,,,
2698,Macame-Midtown Jalisco,TRUE,"Av. Lopéz Mateos Norte No.1133, Local 47, y 48",,44648,Guadalajara,Jalisco,MX,33 3121 4010,,,,,,,,,,,,,,,20.6941958,-103.3751822,,,,,,,,,,,,,,,,,,,,,,,,,,,,,,,
1556,GEMORO GOLDSMITH,TRUE,8882 170th Street Northwest,#1093,T5T3J7,Edmonton,AB,CA,(780) 444-7210,,,,,,,,,,,,,,,53.5227207,-113.6190252,,,,,,,,,,,,,,,,,,,,,,,,,,,,,,,
1984,BERGER JOYEROS,TRUE,"Centro Comercial Paseo Interlomas - Vialidad De La Barranca # 6,",,52787,Huixquilucan,Estado de México,MX,55 9138 0520,,,,,,,,,,,,,,,,,,,,,,,,,,,,,,,,,,,,,,,,,,,,,,,
1907,BERGER JOYEROS,TRUE,Santa Fe Av. Vasco De Quiroga 3800 - Col. Santa Fe,,05109,Mexico D.F.,Estado de México,MX,55 5257 5228,,,,,,,,,,,,,,,19.3617330,-99.2757323,,,,,,,,,,,,,,,,,,,,,,,,,,,,,,,
1903,JOYERIA PEYRELONGUE,TRUE,Presidente Masaryk 431,,11560,Mexico D.F.,Estado de México,MX,55 5281 5050,,,,,,,,,,,,,,,19.4322705,-99.2000255,,,,,,,,,,,,,,,,,,,,,,,,,,,,,,,
1902,BERGER JOYEROS,TRUE,Presidente Masaryk 438 - Col. Chapultepec Polanco,,11560,Mexico D.F.,Estado de México,MX,55 5281 4122,,,,,,,,,,,,,,,19.4317562,-99.2004502,,,,,,,,,,,,,,,,,,,,,,,,,,,,,,,
3080493767191698090,Liverpool Insurgentes,TRUE,Av. Insurgentes Sur # 1310. Col. Del Valle. Delegación Benito Juárez,,03100,Mexico D.F.,Estado de México,MX,,,,,,,,,,,,,,,,19.3732182,-99.1785709,,,,,,,,,,,,,,,,,,,,,,,,,,,,,,,
1899,JOYERIA PEYRELONGUE,TRUE,"Anillo Perif. 3720, Jardines del Pedregal, Álvaro Obregón, 01900",,01900,Mexico D.F.,Estado de México,MX,55 5929 3238,,,,,,,,,,,,,,,19.3136515,-99.2193465,,,,,,,,,,,,,,,,,,,,,,,,,,,,,,,
1572,TORRES JOYAS,TRUE,Centro Comercial Angelopolis Blvd. Del Nino Poblano - 2510 Local,,72450,Puebla,Puebla,MX,222 225 0857,,,,,,,,,,,,,,,19.0318342,-98.2327756,,,,,,,,,,,,,,,,,,,,,,,,,,,,,,,
2399,ROYAL ART,TRUE,Calle 82 # 53,,080020,Barranquilla,,CO,(5) 3457787,,,,,,,,,,,,,,,11.0062148,-74.8131820,,,,,,,,,,,,,,,,,,,,,,,,,,,,,,,
6645105787235561639,Bauer & Co SAS,TRUE,Quicentro Shopping Local 74,,170157,Quito,,EC,(02) 244-3050,,,,,,,,,,,,,,,,,,,,,,,,,,,,,,,,,,,,,,,,,,,,,,,
1911,BAUER & Co S.A,TRUE,"Bogota Centro 93 - Cra 15 #93 90,Local 215",,,Bogota,,CO,(1) 2574442,,,,,,,,,,,,,,,4.6772345,-74.0514153,,,,,,,,,,,,,,,,,,,,,,,,,,,,,,,
1936,CHRONOS,TRUE,Av. Luis A de Herrera 1248,World Trade Center,11000,Montevideo,,UY,2622 2583,,,,,,,,,,,,,,,-34.9052599,-56.1362881,,,,,,,,,,,,,,,,,,,,,,,,,,,,,,,
2298,CHRONOS BA,TRUE,San Martin 1119,,1004,Caba,,AR,011 4312-6073,,,,,,,,,,,,,,,-34.5947217,-58.3743637,,,,,,,,,,,,,,,,,,,,,,,,,,,,,,,
2387,EVE JOYERIAS,TRUE,Av. Figueroa Alcorta and J. Salguero,,C1107CJC,Buenos Aires,,AR,011 4806-5450,,,,,,,,,,,,,,,-34.5769041,-58.4033846,,,,,,,,,,,,,,,,,,,,,,,,,,,,,,,
7696424763605618324,BEDAZZLE ADALIZ BONAIRE B.V,TRUE,KAYA J.N.E. CRAANE #9 TERRAMAR SHOPPING CENTER,,,KRALENDIJK,BONAIRE,BQ,717 7730,,,,,,,,,,,,,,,12.1536876,-68.2783515,,,,,,,,,,,,,,,,,,,,,,,,,,,,,,,
5363697044728839015,Joyeria Daoro,TRUE,"Centro Comercial San Ignacio, Nivel Jardín, Local J-43 URB",,1071,Caracas,Miranda,VE,0212-2639371,,,,,,,,,,,,,,,10.4982444,-66.8554836,,,,,,,,,,,,,,,,,,,,,,,,,,,,,,,
2205,GERAIS,TRUE,Avenida Nicolas Copernico Urbanizacion las Mercedes,,1060,Caracas,Caracas,VE,0414-2771880,,,,,,,,,,,,,,,,,,,,,,,,,,,,,,,,,,,,,,,,,,,,,,,
1433,ISHIDA Shinjuku,TRUE,2F 3-17-12 Shinjuku Shinjuku ku,,160-0022,Tokyo,KANTO,JP,03-5360-6800,,,,,,,,,,,,,,,35.6885549,139.6996709,,,,,,,,,,,,,,,,,,,,,,,,,,,,,,,
1453574310934431198,COMMON TIME 渋谷公園通り店,TRUE,1丁,16番7号パークウェースクエア1,150-0041,渋谷区,東京都,JP,03-3780-5550,,,,,,,,,,,,,,,35.6631489,139.6995734,,,,,,,,,,,,,,,,,,,,,,,,,,,,,,,
4028977052492615216,ISHIDA OMOTESANDO,TRUE,Jingumae Shibuya,4-25-15,150-0001,Tokyo,Tokyo,JP,03-5785-3600,,,,,,,,,,,,,,,35.6680410,139.7075070,,,,,,,,,,,,,,,,,,,,,,,,,,,,,,,
6544622914316871634,TOBU department store Ikebukuro shop 6F watch salon,TRUE,Tokyo,1-1-25,171-8512,Toshimaku,Nishi ikebukuro,JP,03-3971-7210,,,,,,,,,,,,,,,35.7307860,139.7106302,,,,,,,,,,,,,,,,,,,,,,,,,,,,,,,
2649,Bell & Ross Ginza Boutique,TRUE,"4-9-13, Ginza",,104-0061,Chuo-ku,Tokyo,JP,03-6264-3989,,,,,,,,,,,,,,,35.6705265,139.7667189,,,,,,,,,,,,,,,,,,,,,,,,,,,,,,,
1481,Nihonbashi Takashimaya Watch Maison,TRUE,Nihonbashi,3-1-8,103-0027,Chuoku,Tokyo,JP,03-3211-4111,,,,,,,,,,,,,,,35.6806505,139.7721968,,,,,,,,,,,,,,,,,,,,,,,,,,,,,,,
8450375159673786338,SOGO Yokohama 2F Watch floor,TRUE,"2-18-1, Takashima, Nishi-ku, Yokohama",,220-8510,,Kanagawa,JP,045-465-5471,,,,,,,,,,,,,,,,,,,,,,,,,,,,,,,,,,,,,,,,,,,,,,,
870740264989886166,SOGO Chiba 4F Watch Salon,TRUE,1000 Shinmachi,4F Watch Salon,260-0028,Chuo-ku,Chiba,JP,043-245-8365,,,,,,,,,,,,,,,35.7022970,139.9844267,,,,,,,,,,,,,,,,,,,,,,,,,,,,,,,
8340848631852202389,HF-AGE Takasaki,TRUE,"162,Aramachi,Takasaki",,370-0831,,Gunma,JP,027-327-6622,,,,,,,,,,,,,,,,,,,,,,,,,,,,,,,,,,,,,,,,,,,,,,,
2085435286891774415,TOMPKINS水戸,TRUE,内原1-175,,319-0317,水戸市,茨城県,JP,029-257-5888,,,,,,,,,,,,,,,36.3740669,140.3544335,,,,,,,,,,,,,,,,,,,,,,,,,,,,,,,
1902561356164463571,TAKARADO,TRUE,Aoi-ku Shizuoka,2-4-4,420-0031,Shizuoka,Shizuoka,JP,054-254-0141,,,,,,,,,,,,,,,,,,,,,,,,,,,,,,,,,,,,,,,,,,,,,,,
2655,Opera Kooriyama,TRUE,"1-35, Minami, Kooriyama",,963-0115,Fukushima,TOHOKU,JP,024-922-4500,,,,,,,,,,,,,,,37.3695519,140.3739130,,,,,,,,,,,,,,,,,,,,,,,,,,,,,,,
2517,WING Toyama,TRUE,Futakuchimachi,2-5-11,939-8211,Toyama,Toyama,JP,076-482-6301,,,,,,,,,,,,,,,36.6700919,137.2065857,,,,,,,,,,,,,,,,,,,,,,,,,,,,,,,
8108666144254081767,TANAKA,TRUE,Imaike Chigusaku,4-2-4,464-0850,Nagoya,Aichi,JP,052-741-0016,,,,,,,,,,,,,,,35.1697240,136.9383890,,,,,,,,,,,,,,,,,,,,,,,,,,,,,,,
1484,ThreeC BP,TRUE,"Bandai City Billboard Place 2F, 2-1-2, Yachiyo, Niigata",,950-0909,Niigata,HOKURIKU,JP,025-249-0130,,,,,,,,,,,,,,,37.9158952,139.0537023,,,,,,,,,,,,,,,,,,,,,,,,,,,,,,,
2200704295395452337,HASSIN,TRUE,Kyowacho 3 oobushi,8-9,474-0061,,Aichi,JP,0562-48-8811,,,,,,,,,,,,,,,35.0343107,136.9541952,,,,,,,,,,,,,,,,,,,,,,,,,,,,,,,
1498,A.M.I NAGOYA PARCO,TRUE,"Nagoya PARCO East Building 7F, 3-29-1 Sakae, Naka-ku, Nagoya",,460-0008,Aichi,CHUBU,JP,052-264-8597,,,,,,,,,,,,,,,35.1630365,136.9072414,,,,,,,,,,,,,,,,,,,,,,,,,,,,,,,
2569,WING Kanazawa,TRUE,"1-3-15, Katamachi, Kanazawa",,920-0981,Fukuoka,HOKURIKU,JP,076-223-5582,,,,,,,,,,,,,,,,,,,,,,,,,,,,,,,,,,,,,,,,,,,,,,,
2656,Clear by KAWASUMI,TRUE,"1274, Shinkai, Sanjyo Aza Shinkai, Suzuka",,513-0806,Mie,KINKI,JP,059-373-6841,,,,,,,,,,,,,,,,,,,,,,,,,,,,,,,,,,,,,,,,,,,,,,,
2703,SHINKODO Premier Yamagata,TRUE,"4-8-3, Mamigasaki",,990-0810,Yamagata,Yamagata,JP,023-665-1401,,,,,,,,,,,,,,,,,,,,,,,,,,,,,,,,,,,,,,,,,,,,,,,
1543,Titto Collection Fukui,TRUE,"1-9-21, Chuo, Fukui",,910-0006,Fukui,CHUBU,JP,0776-26-2011,,,,,,,,,,,,,,,36.0614391,136.2219053,,,,,,,,,,,,,,,,,,,,,,,,,,,,,,,
2653,ThreeC EXPOCITY,TRUE,"LaLaPort EXPOCITY 2F, 2-1. Senri banpaku koen, Suita",,565-0826,Osaka,KINKI,JP,06-6105-8001,,,,,,,,,,,,,,,34.8054890,135.5344665,,,,,,,,,,,,,,,,,,,,,,,,,,,,,,,
8912924221103937269,Bell & Ross Shinsaibashi Boutique,TRUE,Shinsaibashisuji,1 Chome-10-12,542-0085,Osaka,Osaka,JP,06-6786-8993,,,,,,,,,,,,,,,34.6748103,135.5009800,,,,,,,,,,,,,,,,,,,,,,,,,,,,,,,
5539270652290838964,OOMIYA SHINSAIBASHI,TRUE,Minamisenba Chuo-ku,4-7-6,542-0081,Osaka,Osaka,JP,06-6251-0077,,,,,,,,,,,,,,,34.6768927,135.4986243,,,,,,,,,,,,,,,,,,,,,,,,,,,,,,,
1538,Kamine Chronometry,TRUE,"3-1-5, Sannomiyacho, Chuo-ku, Kobe",,650-0021,Hyogo,KINKI,JP,078-391-1571,,,,,,,,,,,,,,,,,,,,,,,,,,,,,,,,,,,,,,,,,,,,,,,
9021225381931810327,H.Q.BY HARADA,TRUE,Minamisuehirocho,4-1,770-0865,Tokushima-shi,Tokushima,JP,088-676-3333,,,,,,,,,,,,,,,34.0594826,134.5749428,,,,,,,,,,,,,,,,,,,,,,,,,,,,,,,
1523,Eye Eye Isuzu,TRUE,"1523-1, Tahisitamachi, Takamatsu",,761-8075,Kagawa,SHIKOKU,JP,087-864-5225,,,,,,,,,,,,,,,,,,,,,,,,,,,,,,,,,,,,,,,,,,,,,,,
1539,TOMIYA Time art,TRUE,"2-2-60, Omote machi, Kita-ku, Okayama",,700-0822,Okayama,CHUGOKU,JP,086-235-1038,,,,,,,,,,,,,,,34.6572560,133.9156276,,,,,,,,,,,,,,,,,,,,,,,,,,,,,,,
1426,Kinshodo Honten Hachinohe,TRUE,"1-1-1, Ruike, Minami, Hachinohe",,031-0004,Aomori,TOHOKU,JP,0178-51-6100,,,,,,,,,,,,,,,,,,,,,,,,,,,,,,,,,,,,,,,,,,,,,,,
9083468854032055621,BEAU PLUS KOCHI,TRUE,Minamikawazoe,8-10,781-0082,Kochi-shi,Kochi,JP,088-861-2700,,,,,,,,,,,,,,,33.5725045,133.5593804,,,,,,,,,,,,,,,,,,,,,,,,,,,,,,,
1552732602504026711,PRIVE ISHIKAWA,TRUE,Chifunemachi,5-7-1,790-0011,Matsuyama-shi,Ehime,JP,089-932-8803,,,,,,,,,,,,,,,33.8369710,132.7644397,,,,,,,,,,,,,,,,,,,,,,,,,,,,,,,
4669491700712847155,RESET HIROSHIMA,TRUE,Mikawacho,4-13,730-0029,Hiroshima-sh,Hiroshima,JP,082-249-1518,,,,,,,,,,,,,,,34.3903795,132.4611692,,,,,,,,,,,,,,,,,,,,,,,,,,,,,,,
2343375901684430271,TOMIYA HIROSHIMA,TRUE,Fukuromachi,1-15-1,730-0036,Hiroshima-sh,Hiroshima,JP,082-236-6690,,,,,,,,,,,,,,,34.3920278,132.4601645,,,,,,,,,,,,,,,,,,,,,,,,,,,,,,,
3593075217780060760,KOHARU,TRUE,Ikushi,2-3-20,870-0026,Oita-shi,Oita,JP,097-532-6089,,,,,,,,,,,,,,,,,,,,,,,,,,,,,,,,,,,,,,,,,,,,,,,
2573,Kokura Izutsuya Honkan,TRUE,"1-1, Funabacho, Kita-ku, Kokura, Kitakyushu",,802-0007,Fukuoka,KYUSHU,JP,093-522-2529,,,,,,,,,,,,,,,,,,,,,,,,,,,,,,,,,,,,,,,,,,,,,,,
7400726630553062592,FUKUOKA MITSUKOSHI WATCH STREET,TRUE,Tenjin,2-1-1,810-8544,Fukuoka-shi,Fukuoka,JP,092-726-6030,,,,,,,,,,,,,,,33.5880964,130.4003930,,,,,,,,,,,,,,,,,,,,,,,,,,,,,,,
3717262211128752910,Bell & Ross Fukuoka Boutique,TRUE,"Tenjin, Chuo Ward",2 Chome-4-7,810-0001,Fukuoka,Fukuoka,JP,092-753-9993,,,,,,,,,,,,,,,,,,,,,,,,,,,,,,,,,,,,,,,,,,,,,,,
2419810492535670085,OROGIO,TRUE,Daimyo,1-2-5,810-0041,Fukuoka-shi,Fukuoka,JP,092-725-7766,,,,,,,,,,,,,,,33.5858452,130.3949885,,,,,,,,,,,,,,,,,,,,,,,,,,,,,,,
9032687225843783068,OHASHI,TRUE,Kamitoricho,9-5,860-0845,Kumamoto-shi,Kumamoto,JP,096-353-0084,,,,,,,,,,,,,,,32.8058183,130.7115991,,,,,,,,,,,,,,,,,,,,,,,,,,,,,,,
2640,Shinsegae Centum City,TRUE,"Centumnam-daero 35, U-dong, Haeundae, Busan, Korea",,,Busan,,KR,051-745-2467,,,,,,,,,,,,,,,35.1687032,129.1297466,,,,,,,,,,,,,,,,,,,,,,,,,,,,,,,
2654,Shinsegae Art & Science,TRUE,"17, Expo-ro, Yuseong-gu, Daejeon",,34126,Daejeon,,KR,042-607-8135,,,,,,,,,,,,,,,36.3781133,127.3843067,,,,,,,,,,,,,,,,,,,,,,,,,,,,,,,
2648,AK Suwon,TRUE,"924, Deogyeong-daero, Paldal-gu Suwon-si, Gyeonggi-do",,,Suwon-si,,KR,031-240-1697,,,,,,,,,,,,,,,,,,,,,,,,,,,,,,,,,,,,,,,,,,,,,,,
2571,YAMASHIRO TOKEITEN NAHA MAIN PLACE,TRUE,4-4-9 omoromachi,1F Sanei Naha Mainplace,900-0006,Nahashi,Okinawa,JP,098-951-3322,,,,,,,,,,,,,,,26.2256596,127.6950574,,,,,,,,,,,,,,,,,,,,,,,,,,,,,,,
9095834191767406527,DFS T GALLERIA,TRUE,4-1 Omoromachi,,900-0006,Naha City,Okinawa,JP,0120-782-460,,,,,,,,,,,,,,,,,,,,,,,,,,,,,,,,,,,,,,,,,,,,,,,
2595,Shenyang Da Gong,TRUE,"No.65 Zhong Hua Road, Heping District, Shenyang",,,Shenyang,,CN,024 3187 2728,,,,,,,,,,,,,,,41.7960060,123.4064560,,,,,,,,,,,,,,,,,,,,,,,,,,,,,,,
1151188692628862355,Perfect Watch Tiexi MixC Store,TRUE,"No. 158, Jian She Dong Road",,,Shenyang,Liaoning,CN,024 2332 0000,,,,,,,,,,,,,,,41.7942500,123.3714500,,,,,,,,,,,,,,,,,,,,,,,,,,,,,,,
7022503941690456756,Jinhua Watch & Jewelry Dalian Friendship Shopping Center Store,TRUE,"L1, No.8, Renmin Road",,,Dalian,Liaoning,CN,0411 8813 1066,,,,,,,,,,,,,,,38.9223400,121.6458400,,,,,,,,,,,,,,,,,,,,,,,,,,,,,,,
5350446145353967666,Jinhua Watch & Jewelry Intercontinental Flagship Store,TRUE,"No.10, Yide Street",,,Dalian,Liaoning,CN,0411 8265 9797,,,,,,,,,,,,,,,38.9194800,121.6413200,,,,,,,,,,,,,,,,,,,,,,,,,,,,,,,
885721550182643402,Bell & Ross,TRUE,"Shop 1043, Pavilion Dalian, 9-6Dagong Street, Zhongshan District",,116000,Dalian,,CN,0411 6630 6258,,,,,,,,,,,,,,,39.0095808,121.5956376,,,,,,,,,,,,,,,,,,,,,,,,,,,,,,,
8509079793541756087,Bell & Ross,TRUE,"1/F, No. 288 Nanjing East Road",Shanghai New World Daimaru,200001,Shanghai,Shanghai,CN,021 6191 0035,,,,,,,,,,,,,,,,,,,,,,,,,,,,,,,,,,,,,,,,,,,,,,,
3584672567555430906,Dagong Qinhuangdao Mao Ye Store,TRUE,Mao Ye Department Store No.139 Wenhua Road,,,Qinhuangdao,Hebei,CN,0335 322 5201,,,,,,,,,,,,,,,39.9353300,119.6047900,,,,,,,,,,,,,,,,,,,,,,,,,,,,,,,
5811371104507148300,TIMEVALLÉE -HANGZHOU INTIME DEPARTMENT STORE,TRUE,"Shop L1, B Hall, No.530, Yan'an Road",,,Hangzhou,Zhejiang,CN,0571 8138 3191,,,,,,,,,,,,,,,30.2682750,120.1634660,,,,,,,,,,,,,,,,,,,,,,,,,,,,,,,
2344067056580159982,Bell & Ross,TRUE,"Shop 3B116, Floor B1, China World Phase III, No.1 Jianguo Men Wai Avenue",,,Beijing,Beijing,CN,138 1194 9515,,,,,,,,,,,,,,,39.9102940,116.4605720,,,,,,,,,,,,,,,,,,,,,,,,,,,,,,,
3028,柏萊士台灣分公司,TRUE,台北市松山區民生東路三段133號7樓D室,,105,台北市,,TW,02 8712 0896,,,,,,,,,,,,,,,25.0580626,121.5481798,,,,,,,,,,,,,,,,,,,,,,,,,,,,,,,
2666,PROHOPE TIME WATCH CO. (ZHONGXIAO),TRUE,"1F., No. 335, Sec. 4, Zhongxiao E. Rd. Da’an Dist., Taipei City",,40878,Taipei City,,TW,02 2771 6797,,,,,,,,,,,,,,,25.0415755,121.5571117,,,,,,,,,,,,,,,,,,,,,,,,,,,,,,,
918423397535269002,Tung-Hui Watch shop,TRUE,"No.71, Sec. 1, Fuxing S. Rd.",,10697,Taipei,Da’an,TW,02 2721 1155,,,,,,,,,,,,,,,25.0445668,121.5441424,,,,,,,,,,,,,,,,,,,,,,,,,,,,,,,
62014309322140006,Formosa A1 Watch Shop,TRUE,"No.52, Sec. 4, Zhongxiao E. Rd.",,106,Da’an Dist,Taipei City,TW,02 2771 6797,,,,,,,,,,,,,,,25.0414432,121.5441093,,,,,,,,,,,,,,,,,,,,,,,,,,,,,,,
1456,Yongda Clock & Watch,TRUE,"No.111, Zhongzheng Rd.",,265,Yilan County,Yilan County,TW,03 955 1615,,,,,,,,,,,,,,,24.6755370,121.7711249,,,,,,,,,,,,,,,,,,,,,,,,,,,,,,,
5086043346238426873,Rich Watch Shop,TRUE,"No. 1058, Zhongzheng Road",,330,Taoyuan City,Taoyuan City,TW,03 356 4558,,,,,,,,,,,,,,,25.0135091,121.3001496,,,,,,,,,,,,,,,,,,,,,,,,,,,,,,,
7048607373161073843,Formosa Hualien,TRUE,"No. 106, Zhonghua Rd.",,970,Hualien City,Hualien City,TW,03 836 2288,,,,,,,,,,,,,,,23.9759183,121.6058697,,,,,,,,,,,,,,,,,,,,,,,,,,,,,,,
1458,Pro Hopetime Watch Co.(TaiChung),TRUE,"No.222 Wuquan W. Rd., Sec. 2 - Nantun Dist",,40878,Taichung City,,TW,04 2475 3868,,,,,,,,,,,,,,,24.1246324,120.6701902,,,,,,,,,,,,,,,,,,,,,,,,,,,,,,,
4304148853109189282,Formosa Watch Co. - Chiayi Branch,TRUE,"No. 196, Minsheng North Road",,600,Chiayi City,,TW,05 223 9291,,,,,,,,,,,,,,,23.4787714,120.4465130,,,,,,,,,,,,,,,,,,,,,,,,,,,,,,,
2489,China Watch Shop,TRUE,"48, Zhongzheng Rd",,700,Tainan City,Tainan County,TW,06 220 9908,,,,,,,,,,,,,,,23.0294962,120.2553642,,,,,,,,,,,,,,,,,,,,,,,,,,,,,,,
1472,Formosa Watch Shop (F33),TRUE,"No.149, Wufu 2nd Rd.",,800,Kaohsiung City,Kaohsiung County,TW,07 261 4763,,,,,,,,,,,,,,,22.6236810,120.3032861,,,,,,,,,,,,,,,,,,,,,,,,,,,,,,,
1474,Formosa Watch Shop (F306),TRUE,"No.170, Wufu 4Th Rd",,803,Kaohsiung City,Kaohsiung County,TW,07 551 8156,,,,,,,,,,,,,,,22.6235612,120.2839907,,,,,,,,,,,,,,,,,,,,,,,,,,,,,,,
1965107112889675131,Bell & Ross,TRUE,"1st Floor, Gate 11, Wushang Mall, No. 688 Jiefang Avenue",,430014,Wuhan City,Jiangh,CN,139 8611 7199,,,,,,,,,,,,,,,30.5804000,114.2695000,,,,,,,,,,,,,,,,,,,,,,,,,,,,,,,
8976713659394427777,Global Timepieces Ltd,TRUE,"hop LG2-50, Festival Walk, 80 Tat Chee Avenue",,,Kowloon,Kowloon,HK,2265 7862,,,,,,,,,,,,,,,22.3373810,114.1744322,,,,,,,,,,,,,,,,,,,,,,,,,,,,,,,
2440,Unique Timepieces,TRUE,"Unit 2-3, G/F, Pioneer Centre, 750 Nathan Road",,,Mong Kok,Kowloo,HK,2625 1099,,,,,,,,,,,,,,,22.3226898,114.1692740,,,,,,,,,,,,,,,,,,,,,,,,,,,,,,,
1488,Oriental Watch Co. Ltd.,TRUE,"Shop B & C, G/F., Kowloon Building, 555 Nathan Road, Yau Ma Tei",,,,",Kowloon",HK,2384 8103,,,,,,,,,,,,,,,22.3141684,114.1701775,,,,,,,,,,,,,,,,,,,,,,,,,,,,,,,
1799913553251494924,Yes Watch Co. Ltd.,TRUE,"G/F., Yes & Right House,1 - 3 Mody Road",,,,Tsim Sha Tsui,HK,2366 3288,,,,,,,,,,,,,,,22.2971146,114.1730729,,,,,,,,,,,,,,,,,,,,,,,,,,,,,,,
2708822408606609598,EMPEROR WATCH AND JEWELLERY,TRUE,"Shops A, B, D2 and E2 on G/F, Harilela Mansion, 81 Nathan Road, Tsim Sha Tsui",,,sim Sha Tsui,Kowloon,HK,2721 6121,,,,,,,,,,,,,,,22.2974895,114.1719184,,,,,,,,,,,,,,,,,,,,,,,,,,,,,,,
2441,Oriental Watch Co. Ltd.,TRUE,"Shop 8 & 21, G/F & F6, 1/F, 27-47 Paterson Street, Fashion Walk",,,Causeway bay,,HK,2577 1332,,,,,,,,,,,,,,,22.2806596,114.1853565,,,,,,,,,,,,,,,,,,,,,,,,,,,,,,,
6819814906512406811,"RIGHT WATCH CO., LTD",TRUE,"G/F & 1/F., Causeway Corner, 18 Percival Street",,,,Causeway Bay,HK,2893 5290,,,,,,,,,,,,,,,22.2808258,114.1824566,,,,,,,,,,,,,,,,,,,,,,,,,,,,,,,
6323791429982866120,T Galleria by DFS,TRUE,"The Sun Arcade, 28 Canton Road",,,,Kowloon,HK,2302 6888,,,,,,,,,,,,,,,22.2965918,114.1695345,,,,,,,,,,,,,,,,,,,,,,,,,,,,,,,
3105068731287570573,ELEGANT JEWELLERY CO. LTD.,TRUE,"Shop 323B, Level 3, Ocean Centre, Tsim Sha Tsui",,,,,HK,2730 1211,,,,,,,,,,,,,,,22.2962490,114.1689005,,,,,,,,,,,,,,,,,,,,,,,,,,,,,,,
9118093774821980002,Take Your Time Oriental Watch Company,TRUE,"Shop 1098-1099, First Level, Elements,1 Austin Road West,",,,Kowloon,Hong Kong,HK,2723 3360,,,,,,,,,,,,,,,22.3046472,114.1611085,,,,,,,,,,,,,,,,,,,,,,,,,,,,,,,
4943527197429317519,Elegant Watch & Jewellery Co. Ltd.,TRUE,"Shop 302-303, Times Square",,,,Causeway Bay,HK,,,,,,,,,,,,,,,,22.2781510,114.1821136,,,,,,,,,,,,,,,,,,,,,,,,,,,,,,,
7413386584118402466,Oriental Watch Co. Ltd.,TRUE,"G/F.,133 Des Voeux Road Central",,,,Central,HK,2545 4577,,,,,,,,,,,,,,,22.2852998,114.1552684,,,,,,,,,,,,,,,,,,,,,,,,,,,,,,,
361700667218871489,Chow Tai Fook Jewellery Co. Ltd,TRUE,"G/F., 39 Queen's Road,",,,,Central,HK,2177 7028,,,,,,,,,,,,,,,22.2825983,114.1562206,,,,,,,,,,,,,,,,,,,,,,,,,,,,,,,
2444,Oriental Watch (Macau) Co. Ltd.,TRUE,"The Macau Square, Avenida do Infante D. Henrique, No. 47-53, Mac",,,"Macau SAR, CHINA",,MO,2871 7323,,,,,,,,,,,,,,,22.1915135,113.5413838,,,,,,,,,,,,,,,,,,,,,,,,,,,,,,,
3484833528113828570,Watches of Switzerland Thiso Mall,TRUE,"Unit L1-05 , Thiso Mall , 10 Mai Chi Tho Street",,,Ho Chi Minh City,Thu Duc City,VN,028 3535 5948,,,,,,,,,,,,,,,10.7856108,106.7529138,,,,,,,,,,,,,,,,,,,,,,,,,,,,,,,
2633,SWISS WATCH GALLERY,TRUE,"Jesselton Duty Free Sdn Bhd, Lorong Jesselton, Jalan Haji Saman",,88000,Kota Kinabalu,,MY,088-213 941,,,,,,,,,,,,,,,5.9887991,116.0783630,,,,,,,,,,,,,,,,,,,,,,,,,,,,,,,
1448,CORTINA WATCH IMAGO SHOPPING MALL,TRUE,"Lot G09/G10A, Ground Floor, Imago Shopping Mall",,88100,Kota Kinabalu,,MY,088-277 818,,,,,,,,,,,,,,,5.9708621,116.0663544,,,,,,,,,,,,,,,,,,,,,,,,,,,,,,,
2604,Cortina Ladprao Bangkok,TRUE,"Room 103, 1st Floor, Central Plaza Ladprao",1697 Phahonyothin Road,10900,BANGKOK,,TH,02 937 0890,,,,,,,,,,,,,,,13.8166552,100.5611581,,,,,,,,,,,,,,,,,,,,,,,,,,,,,,,
3797296342004108989,Roi Puissance Rangnam,TRUE,"8 King Power Complex, Rangnam Road, Phayathai, Ratchathewi",,10400,Ratchathewi,,TH,,,,,,,,,,,,,,,,13.7599295,100.5379968,,,,,,,,,,,,,,,,,,,,,,,,,,,,,,,
8376683645500197766,Cortina Central Embassy,TRUE,"Central Embassy Unit No. L1-04-05 Level 1, Ploenchit Road",Lumpini,10330,Pathumwan,,TH,02 160 5645,,,,,,,,,,,,,,,13.7437483,100.5465903,,,,,,,,,,,,,,,,,,,,,,,,,,,,,,,
9080857981401835476,PENDULUM CENTRAL WORLD,TRUE,"CENTRALWORLD Unit A105, 1/F, 4,4/1-4/2,4/4","Rajdamri Road, Patumwan",10330,Bangkok,,TH,02 252 4494,,,,,,,,,,,,,,,13.7475079,100.5383137,,,,,,,,,,,,,,,,,,,,,,,,,,,,,,,
2628,SWISS WATCH GALLERY,TRUE,"Lot G.22 & G.23, Groud Floor, Gurney Paragon Mall, Persiaran",,10250,Pulau Pinang,,MY,04-218 9499,,,,,,,,,,,,,,,5.4310500,100.3190600,,,,,,,,,,,,,,,,,,,,,,,,,,,,,,,
4378419947796201796,CORTINA - GURNEY PLAZA,TRUE,"170-G-02, Ground Floor, Gurney Plaza, Gurney Dr, Crystal Garden",,10250,George Town,Penang,MY,04-227 1026,,,,,,,,,,,,,,,5.4287817,100.3207271,,,,,,,,,,,,,,,,,,,,,,,,,,,,,,,
2626,WATATIME,TRUE,"LOT NO. F51, 1st FLOOR, IPOH PARADE, 105 JALAN SULTAN ABDUL JALI",,30350,IPOH,,MY,05-246 0749,,,,,,,,,,,,,,,4.5959134,101.0900944,,,,,,,,,,,,,,,,,,,,,,,,,,,,,,,
2631,SWISS WATCH GALLERY,TRUE,"LOT T2A-25 & 26, GENTING SKY AVENUE, GENTING HIGHLANDS RESOR",,69000,GENTING HIGHLANDS,,MY,03-6101 2177,,,,,,,,,,,,,,,3.4238710,101.7926790,,,,,,,,,,,,,,,,,,,,,,,,,,,,,,,
2474,Cortina Watch - SURIA KLCC,TRUE,"Lot 110, First Floor, Suria Klcc, Kuala Lumpur City Centre",,50088,Kuala Lumpur,,MY,03-2164 5175,,,,,,,,,,,,,,,,,,,,,,,,,,,,,,,,,,,,,,,,,,,,,,,
1428,Sincere Fine Watches @ Pavilion KL,TRUE,"Lot 2.01.06 & 2.01.07, Level 2, Pavilion Kuala Lumpur 168, Jalan Bukit Bintang",,55100,Kuala Lumpur,,MY,03-2141 8418,,,,,,,,,,,,,,,3.1489607,101.7134125,,,,,,,,,,,,,,,,,,,,,,,,,,,,,,,
100929641349174242,SWISS WATCH GALLERY,TRUE,"Lot 2.52.00, Level 2, Pavilion Kuala Lumpur, 168, Jalan Bukit Bintang",,55100,Kuala Lumpur,,MY,03-2142 9977,,,,,,,,,,,,,,,3.1489607,101.7134125,,,,,,,,,,,,,,,,,,,,,,,,,,,,,,,
2627,SWISS WATCH GALLERY,TRUE,"Lot 2.46A, Level 2, Pavilion Kuala Lumpur, 168, Jalan Bukit Bintang",,55100,Kuala Lumpur,,MY,03-2142 9977,,,,,,,,,,,,,,,3.1489607,101.7134125,,,,,,,,,,,,,,,,,,,,,,,,,,,,,,,
1544,Bell & Ross,TRUE,"168, Jalan Bukit Bintang","Lot 3.46.00, Level 3, Pavilion Kuala Lumpur",55100,Kuala Lumpur,,MY,03-9212 4456,,,,,,,,,,,,,,,3.1488558,101.7132547,,,,,,,,,,,,,,,,,,,,,,,,,,,,,,,
2473,Cortina Watch - STARHILL GALLERY,TRUE,"Ug34, Adorn Floor, Starhill Gallery 181, Jalan Bukit Bintang,",,55100,Kuala Lumpur,,MY,03-2144 1188,,,,,,,,,,,,,,,3.1476486,101.7138596,,,,,,,,,,,,,,,,,,,,,,,,,,,,,,,
6838899652916276487,SINCERE FINE WATCHES @ Fahrenheit 88,TRUE,"G03, Ground Floor, Fahrenheit 88, 179, Jln Bukit Bintang, Bukit Bintang, 55100 Kuala Lumpur",,55100,Kuala Lumpur,Wilayah Persekutuan,MY,,,,,,,,,,,,,,,,3.1470703,101.7129950,,,,,,,,,,,,,,,,,,,,,,,,,,,,,,,
260902313929412102,Bell & Ross,TRUE,"Lot G.18, Ground Floor, The Exchange TRX","Persiaran TRX, Imbi",55188,Kuala Lumpur,Wilayah Persekutuan,MY,03-2779 5228,,,,,,,,,,,,,,,,,,,,,,,,,,,,,,,,,,,,,,,,,,,,,,,
2625,WATATIME,TRUE,"Lot 2.51.00, LEVEL 2, THE PAVILION SHOPPING CENTRE, 168 JALAN BU",,55100,KUALA LUMPUR,,MY,03-2284 4228,,,,,,,,,,,,,,,3.1307100,101.7191400,,,,,,,,,,,,,,,,,,,,,,,,,,,,,,,
8938181899902485367,Bell & Ross Pavilion Damansara Heights,TRUE,"Level 2, Lot 2.24, 3, Jalan Damanlela",Damansara Town Centre,50490,Kuala Lumpur,Federal Territory of Kuala Lumpur,MY,03-9212 4478,,,,,,,,,,,,,,,3.1466639,101.6631406,,,,,,,,,,,,,,,,,,,,,,,,,,,,,,,
2984699953087841498,Pavillon Bell & Ross Damansara Heights,TRUE,"Lot 2.24, Level 2, Pavilion Damansara Height, 3, Jalan Damanlela, Pusat Bandar Damansara",,50490,Kuala Lumpur,,MY,03-9212 4478,,,,,,,,,,,,,,,3.1457841,101.6630051,,,,,,,,,,,,,,,,,,,,,,,,,,,,,,,
1455,Bell & Ross,TRUE,"Lot F-230A, First Floor, The Gardens Mall",Lingkaran Syed Putra,59200,Kuala Lumpur,,MY,03-9212 4452,,,,,,,,,,,,,,,3.1186372,101.6760548,,,,,,,,,,,,,,,,,,,,,,,,,,,,,,,
186095972792383382,Bell & Ross,TRUE,"G-100, Ground Floor, Mid Valley Megamall","Lingkaran Syed Putra, Mid Valley",59200,Kuala Lumpur,,MY,03-2201 0030,,,,,,,,,,,,,,,,,,,,,,,,,,,,,,,,,,,,,,,,,,,,,,,
1350970046837801101,SWISS WATCH GALLERY - 1 UTAMA,TRUE,"G-100, Ground Floor, Mid Valley Megamall, Lingkaran Syed Putra, Mid Valley",,59200,Kuala Lumpur,Malaysia,MY,03-2201 0030,,,,,,,,,,,,,,,3.1170185,101.6782114,,,,,,,,,,,,,,,,,,,,,,,,,,,,,,,
2678,Bell & Ross,TRUE,"GK2B, GROUND FLOOR, 1-UTAMA SHOPPING CENTRE","1, LEBUH BANDAR UTAMA, BANDAR UTAMA CITY CENTRE, BANDAR UTAMA",47800,PETALING JAYA,SELANGOR,MY,03-7612 7988,,,,,,,,,,,,,,,3.1510831,101.6128740,,,,,,,,,,,,,,,,,,,,,,,,,,,,,,,
4190294343045873461,SWISS WATCH GALLERY,TRUE,"GK2B, Ground Floor, 1 Utama Shopping Centre, 1, Lebuh Bandar Utama, Bandar Utama City Centre, Bandar Utama",,47800,Petaling Jaya,Selangor,MY,03-7612 7988,,,,,,,,,,,,,,,3.1479110,101.6159551,,,,,,,,,,,,,,,,,,,,,,,,,,,,,,,
7980702869274892615,Bell & Ross,TRUE,"Lot 3.66.00, Level 3, Pavilion Bukit Jalil,","Pusat Bandar, 2, Persiaran Jalil Utama",57000,Kuala Lumpur,,MY,03-3285 0350,,,,,,,,,,,,,,,3.0506982,101.6707784,,,,,,,,,,,,,,,,,,,,,,,,,,,,,,,
2622,WATATIME,TRUE,"Lot G1.61,Ground Floor Sunway Pyramid Shopping Mall, 3, Jln Pjs",,46150,Selangor,,MY,03-7492 2368,,,,,,,,,,,,,,,3.0727824,101.6075529,,,,,,,,,,,,,,,,,,,,,,,,,,,,,,,
283156256061687843,SWISS WATCH GALLERY,TRUE,"G241-G243, Ground Floor, IOI City Mall, Lebuh IRC, IOI Resort City",,62502,Putrajaya,Selangor,MY,03-8940 4637,,,,,,,,,,,,,,,,,,,,,,,,,,,,,,,,,,,,,,,,,,,,,,,
2630,SWISS WATCH GALLERY,TRUE,"FE 02, Lot CPD NA 5, Domestic Area (Airside), Contact Pier, Kual",,64000,SEPANG,,MY,03-8776 0077,,,,,,,,,,,,,,,2.7525350,101.7059000,,,,,,,,,,,,,,,,,,,,,,,,,,,,,,,
1447,SWISS WATCH GALLERY,TRUE,"Lot No 324 & 326, Johor Premium Outlets - Jalan Premium Outl",,81000,KULAI,,MY,07-590 9388,,,,,,,,,,,,,,,,,,,,,,,,,,,,,,,,,,,,,,,,,,,,,,,
2632,SWISS WATCH GALLERY,TRUE,"Lot G-003 & 004, Ground Floor, Mid Valley Southkey The Mall,",,80150,Johor Bahru,,MY,07-336 5709,,,,,,,,,,,,,,,1.5003017,103.7787087,,,,,,,,,,,,,,,,,,,,,,,,,,,,,,,
3654958403200653537,CAPSULE par Watches of Switzerland,TRUE,78 Airport Boulevard #01-264,,819666,Singapore,,SG,6531 0898,,,,,,,,,,,,,,,1.3605351,103.9898770,,,,,,,,,,,,,,,,,,,,,,,,,,,,,,,
4819142396983501921,Time Emporium T3 Sud,TRUE,"65 Airport Boulevard, Changi Airport Terminal 3 Salon de départ/transit sud, #02-24",,819663,Singapour,,SG,6312 5196,,,,,,,,,,,,,,,1.3562264,103.9861020,,,,,,,,,,,,,,,,,,,,,,,,,,,,,,,
786014687338673628,Time Emporium T4 Sud,TRUE,"10 Airport Boulevard, Changi Airport Terminal 4 Salon de départ/transit sud, #02-27",,819665,Singapour,,SG,6312 6971,,,,,,,,,,,,,,,1.3388392,103.9836213,,,,,,,,,,,,,,,,,,,,,,,,,,,,,,,
7029850882456943419,All Watches Bugis,TRUE,200 Victoria Street,#01-104 Bugis Junction,188021,Singapore,,SG,6337 0669,,,,,,,,,,,,,,,1.3002500,103.8558400,,,,,,,,,,,,,,,,,,,,,,,,,,,,,,,
2619,SINCERE FINE WATCHES - Suntec City Mall,TRUE,"3 Temasek Boulevard, #01-352/356",,038983,Singapore,,SG,6337 5150,,,,,,,,,,,,,,,1.2929800,103.8570400,,,,,,,,,,,,,,,,,,,,,,,,,,,,,,,
2677,Cortina Watch - Paragon,TRUE,"290 Orchard Road, #01-13 Paragon Shopping Centre",290 Orchard Road,238859,Singapore,,SG,6235 0084,,,,,,,,,,,,,,,1.3033700,103.8355500,,,,,,,,,,,,,,,,,,,,,,,,,,,,,,,
2662,All Watches – WISMA ATRIA,TRUE,"435 Orchard Road, #01‐16",,238877,Singapore,,SG,6732 7673,,,,,,,,,,,,,,,1.3036800,103.8329000,,,,,,,,,,,,,,,,,,,,,,,,,,,,,,,
1550,Bell & Ross,TRUE,333A Orchard Road,#01-15 Mandarin Gallery,238897,Singapore,,SG,6884 6471,,,,,,,,,,,,,,,1.3004021,103.8418103,,,,,,,,,,,,,,,,,,,,,,,,,,,,,,,
1960,Cortina Watch - Raffles City,TRUE,252 North Bridge Road #01-36 - Raffles City Shopping Centre,,179103,Singapore,,SG,6339 9185,,,,,,,,,,,,,,,1.2939211,103.8533887,,,,,,,,,,,,,,,,,,,,,,,,,,,,,,,
496426804957701749,Cortina Watch Capitol Singapore,TRUE,"15, Stamford Road #01-77/78/79/80",,178906,Singapore,,SG,6384 3250,,,,,,,,,,,,,,,1.2933203,103.8513856,,,,,,,,,,,,,,,,,,,,,,,,,,,,,,,
2583,Bell & Ross,TRUE,"2 Bayfront Avenue, #B2M-202/203 The Shoppes at Marina Bay Sands",,018972,Singapore,,SG,6688 7175,,,,,,,,,,,,,,,1.2828500,103.8585000,,,,,,,,,,,,,,,,,,,,,,,,,,,,,,,
1986,Watches of Switzerland - Vivo City,TRUE,1 Harbourfront Walk - #01-66,,098585,Singapore,,SG,6376 9727,,,,,,,,,,,,,,,1.2650400,103.8217600,,,,,,,,,,,,,,,,,,,,,,,,,,,,,,,
1574,SWISS WATCH GALLERY – RESORT WORLD SENTOSA,TRUE,"Resort World Sentosa - 26 Sentosa Gateway, #02-109",,098138,Singapore,,SG,6723 8022,,,,,,,,,,,,,,,1.2569917,103.8226099,,,,,,,,,,,,,,,,,,,,,,,,,,,,,,,
2498464224032249397,ETHOS WATCH,TRUE,"Orbit Victoria, Ground floor, 30 Shakespeare Sarani, Beside Police Station",,700017,Kolkata,West Bengal,IN,033 3544 7013,,,,,,,,,,,,,,,22.5443255,88.3556069,,,,,,,,,,,,,,,,,,,,,,,,,,,,,,,
2588,INTime - Central Park,TRUE,"Jl. Letjen S. Parman No.28 Tj. Duren Sel., Grogol Petamburan",,11470,JAKARTA,,ID,(021) 56985156,,,,,,,,,,,,,,,-6.1762847,106.7917628,,,,,,,,,,,,,,,,,,,,,,,,,,,,,,,
2460,INTime - Grand Indonesia,TRUE,Jl. Mh Thamrin No. 1,,10310,Jakarta,,ID,(021) 23581208,,,,,,,,,,,,,,,-6.1952584,106.8190756,,,,,,,,,,,,,,,,,,,,,,,,,,,,,,,
1463,INTime - Senayan City,TRUE,Unit G-83 Jl. Asia Afrika Lot. 19,,10270,Jakarta,,ID,(021) 72782181,,,,,,,,,,,,,,,-6.2271849,106.7972822,,,,,,,,,,,,,,,,,,,,,,,,,,,,,,,
1441,Bell & Ross,TRUE,Jl. Jendral Sudirman Kav 52-53,G-88A Pacific Place Mall,12190,Jakarta,,ID,(021) 51402711,,,,,,,,,,,,,,,-6.2249430,106.8095562,,,,,,,,,,,,,,,,,,,,,,,,,,,,,,,
2461,INTime - Pondok Indah Mall 2,TRUE,Pondok Indah Mall 2,,12310,Jakarta,,ID,(021) 75920797,,,,,,,,,,,,,,,-6.2655371,106.7843390,,,,,,,,,,,,,,,,,,,,,,,,,,,,,,,
7808804190163305463,INTIME - 23 PASKAL,TRUE,23 Paskal Shopping Center Level 1 Unit No. L1#59 Jalan Pasir Kaliki No.25-27,"Kb. Jeruk, Kec. Andir",40241,Kota Bandung,Jawa Barat,ID,(022) 63185001,,,,,,,,,,,,,,,-6.9153751,107.5975304,,,,,,,,,,,,,,,,,,,,,,,,,,,,,,,
7348859094636565367,ETHOS SUMMIT,TRUE,"UG-16, Upper ground floor, Palladium Mall, #142, Velachery Main Road, Velachery",,600042,Chennai,Tamil Nadu,IN,044 6665 3836,,,,,,,,,,,,,,,12.9913128,80.2166172,,,,,,,,,,,,,,,,,,,,,,,,,,,,,,,
7774152813581536085,Ethos Summit,TRUE,"Ground Floor, 3T54-05 Terminal 2",Kempegowda International Airport,560300,Bengaluru,Karnataka,IN,,,,,,,,,,,,,,,,13.1988628,77.7169935,,,,,,,,,,,,,,,,,,,,,,,,,,,,,,,
9059938441948299578,Ethos Summit,TRUE,"G 2-3, Ground floor, The Collection - U.B City","Vittal Mallya Rd, KG Halli, D’ Souza Layout, Ashok Nagar",560001,Bengaluru,Karnataka,IN,,,,,,,,,,,,,,,,12.9702758,77.6000976,,,,,,,,,,,,,,,,,,,,,,,,,,,,,,,
7320693695834938268,ETHOS WATCH,TRUE,"G-37A, Lower Ground floor, Orion Mall, Dr Rajkumar Road, Rajaji Nagar",,560055,Bangalore,Karnataka,IN,080 2268 2444,,,,,,,,,,,,,,,13.0110208,77.5549561,,,,,,,,,,,,,,,,,,,,,,,,,,,,,,,
1156035560794046916,Ethos Limited Lucknow,TRUE,"G-78 & 79, Phoenix Palassio, Sector-7, Gomti Nagar Extension, Shaheed Path",,226010,Lucknow,Uttar Pradesh,IN,098891 99775,,,,,,,,,,,,,,,26.8087777,81.0127107,,,,,,,,,,,,,,,,,,,,,,,,,,,,,,,
7345115132452682239,ETHOS SUMMIT,TRUE,"UG-34, Phoenix Citadel Mall, MR 10 Road, Khajrana",,452016,Indore,Madhya Pradesh,IN,,,,,,,,,,,,,,,,22.7462677,75.9347817,,,,,,,,,,,,,,,,,,,,,,,,,,,,,,,
2080281724295017703,ETHOS SUMMIT,TRUE,"UG 32, Phoenix Market City, Viman Nagar Road",,411014,Pune,Maharashtra,IN,020 6689 0623,,,,,,,,,,,,,,,18.5622540,73.9166943,,,,,,,,,,,,,,,,,,,,,,,,,,,,,,,
6599570425681323840,Ethos Summit,TRUE,"Ground Floor – B115, DLF Mall of India",Sector 18,201301,Noida,Uttar Pradesh,IN,,,,,,,,,,,,,,,,28.5670716,77.3211340,,,,,,,,,,,,,,,,,,,,,,,,,,,,,,,
1943186720052616018,Ethos Summit,TRUE,"G-14, Plot No A-3, Saket District Centre",Select City Walk,110017,New Delhi,Delhi,IN,,,,,,,,,,,,,,,,28.5292912,77.2195601,,,,,,,,,,,,,,,,,,,,,,,,,,,,,,,
7241620987261052090,Ethos Summit,TRUE,"111, The Chanakya, YPCC, Chanakyapuri",,110021,New Delhi,Delhi,IN,,,,,,,,,,,,,,,,28.5974760,77.1762610,,,,,,,,,,,,,,,,,,,,,,,,,,,,,,,
5258547574075026589,ETHOS WATCH,TRUE,"G-21, Ambience Mall, National Highway 8, Ambience Island, DLF Phase 3, Sector 24",,122002,Gurugram,Haryana,IN,0124 466 5489,,,,,,,,,,,,,,,,,,,,,,,,,,,,,,,,,,,,,,,,,,,,,,,
2203373969614633540,Ethos Summit,TRUE,"Unit No. SH/GF/25, Ground Floor, Pacific Mall, Najafgarh Road","Tagore Garden, Tilak Nagar",110018,New Delhi,Delhi,IN,,,,,,,,,,,,,,,,28.6572986,77.1417198,,,,,,,,,,,,,,,,,,,,,,,,,,,,,,,
1670598191787313428,Ethos Summit - EDUN,TRUE,"Ground Floor, G-27, Unity One Elegante, Netaji Subhash Place, Pitampura Marg, Unity One Elegante, MRTS Station, Opposite Wazirpur District Centre, Pitampura",West Delhi,110034,New,Delhi,IN,078386 93645,,,,,,,,,,,,,,,,,,,,,,,,,,,,,,,,,,,,,,,,,,,,,,,
4789835206394598871,ETHOS SUMMIT,TRUE,"G-9A, Palladium, High Street Phoenix, 462, SB Marg, Lower Pare",,400013,Mumbai,Maharashtra,IN,,,,,,,,,,,,,,,,18.9947440,72.8245993,,,,,,,,,,,,,,,,,,,,,,,,,,,,,,,
2829541290908845926,Ethos Summit,TRUE,"G-4 & UG-4, Solaris, Opp. Big Bazaar, Piplod Dumas Road",,395007,Surat,Gujarat,IN,,,,,,,,,,,,,,,,21.1587527,72.7709348,,,,,,,,,,,,,,,,,,,,,,,,,,,,,,,
4377381135181142958,ETHOS SUMMIT,TRUE,"Unit No G-10, Ground Floor, Elante Mall 178-178A, Industrial Area Phase I",,160002,Chandigarh,Chandigarh,IN,0172 466 3008,,,,,,,,,,,,,,,30.7054930,76.8012561,,,,,,,,,,,,,,,,,,,,,,,,,,,,,,,
5852236579219344365,Ethos Ltd,TRUE,"Unit No. G 8 & 9, Alpha One Mall, TP No. 216, Vastrapur Lake, Vastrapur,",,380054,Ahmedabad,Gujarat,IN,079 4032 7655,,,,,,,,,,,,,,,23.0400705,72.5314820,,,,,,,,,,,,,,,,,,,,,,,,,,,,,,,
8784102895825250462,Ethos Summit,TRUE,"Ground and First Floor, SCO-5, Sunview Enclave, Ayali Kalan, Ferozepur Road",,142027,Ludhiana,Punjab,IN,,,,,,,,,,,,,,,,30.8966670,75.7505494,,,,,,,,,,,,,,,,,,,,,,,,,,,,,,,
710518040090103400,Hardy Brothers – PERTH,TRUE,"Shop T16-18, Raine Square, 300 Murry Street",,6000,Perth,WA,AU,(08) 6318 1000,,,,,,,,,,,,,,,-31.9516945,115.8571581,,,,,,,,,,,,,,,,,,,,,,,,,,,,,,,
2503,AM – PM SONRAJ,TRUE,G33 - Dolmen Mall Clifton,,75600,Karachi,,PK,,,,,,,,,,,,,,,,24.8024117,67.0286808,,,,,,,,,,,,,,,,,,,,,,,,,,,,,,,
2591,Ahmed Seddiqi & Sons - WAFI MALL,TRUE,Oud Metha Road,,,Dubai,,AE,04 324 6060,,,,,,,,,,,,,,,,,,,,,,,,,,,,,,,,,,,,,,,,,,,,,,,
2540,Ahmed Seddiqi & Sons – The Dubai Mall,TRUE,"Dubai Mall, Financial Center Rd, Dubai",,,Dubai,,AE,04 339 8821,,,,,,,,,,,,,,,,,,,,,,,,,,,,,,,,,,,,,,,,,,,,,,,
2541,Ahmed Seddiqi & Sons - Mall of the Emirates,TRUE,"Mall Of The Emirates, Sheikh Zayed Road, 4Th Interchange",,,Dubai,,AE,04 341 1211,,,,,,,,,,,,,,,25.2296100,55.2868300,,,,,,,,,,,,,,,,,,,,,,,,,,,,,,,
2821265111120235042,Ahmed Seddiqi & Sons,TRUE,Atlantis The Palm,,,Dubaï,Dubai,AE,04 422 0233,,,,,,,,,,,,,,,,,,,,,,,,,,,,,,,,,,,,,,,,,,,,,,,
2600,"Ahmed Seddiqi & Sons, Yas Mall",TRUE,"Ground Floor, Yas Mall",,,Abu Dhabi,United Arab Emirates,AE,02 565 0054,,,,,,,,,,,,,,,,,,,,,,,,,,,,,,,,,,,,,,,,,,,,,,,
5293082917193438728,"Ahmed Seddiqi & Sons, The Galleria Al Maryah Island",TRUE,107 Hamouda Bin Ali Al Dhaheri St - Al Maryah Island - Abu Dhabi Global Market Square,,,Abu Dhabi,Émirats arabes unis,AE,02 551 1318,,,,,,,,,,,,,,,24.5013415,54.3897313,,,,,,,,,,,,,,,,,,,,,,,,,,,,,,,
3516064397353173231,Hardy Brothers -SYDNEY,TRUE,60 Castlereagh St,,2000,Sydney,NSW,AU,(02) 8262 3100,,,,,,,,,,,,,,,-33.8684741,151.2100950,,,,,,,,,,,,,,,,,,,,,,,,,,,,,,,
2470046644830751131,Bell & Ross,TRUE,"Shop G017, The STRAND Arcade, 412-414 George St",,2000,Sydney,NSW,AU,(02) 8021 5525,,,,,,,,,,,,,,,-33.8693593,151.2075288,,,,,,,,,,,,,,,,,,,,,,,,,,,,,,,
7566194898130368448,Hardy Brothers,TRUE,Pacific Fair Shopping Centre,"Shop 2707, Corner of Hooker and Sunshine Boulevard Gold Coast",4218,Broadbeach Waters,QLD,AU,(07) 5504 9090,,,,,,,,,,,,,,,-28.0361743,153.4269983,,,,,,,,,,,,,,,,,,,,,,,,,,,,,,,
4480332091501771425,Hardy Brothers - GOLD COAST,TRUE,Pacific Fair Shopping Centre,"Shop 2707, Corner of Hooker and Sunshine Boulevard",4218,GOLD COAST,QLD,AU,(07) 5504 9090,,,,,,,,,,,,,,,-28.0361743,153.4269983,,,,,,,,,,,,,,,,,,,,,,,,,,,,,,,
8713775476881747220,Monards - Gold Coast,TRUE,Shop 8/2 Elkhorn Ave,,4217,Surfers Paradise,QLD,AU,,,,,,,,,,,,,,,,-27.9993408,153.4303931,,,,,,,,,,,,,,,,,,,,,,,,,,,,,,,
1853,Bell & Ross,TRUE,282 Collins Street,Shop 23 - The Block Arcade,3000,Melbourne,VIC,AU,(03) 9650 7421,,,,,,,,,,,,,,,-37.8158809,144.9644733,,,,,,,,,,,,,,,,,,,,,,,,,,,,,,,
1277283307256437975,Hardy Brothers - BRISBANE,TRUE,188 Edward Street,,4000,Brisbane,QLD,AU,(07) 3625 8000,,,,,,,,,,,,,,,-27.4689853,153.0272746,,,,,,,,,,,,,,,,,,,,,,,,,,,,,,,
2091,GASPARD,TRUE,18 RUE DE SEBASTOPOL,,98800,NOUMEA,,NC,271630,,,,,,,,,,,,,,,-22.2721245,166.4434597,,,,,,,,,,,,,,,,,,,,,,,,,,,,,,,
2480,Jacks Marriott,TRUE,"Fiji Marriott Resort, Savusavu Road, Momi Bay",,,Viti Levu,,FJ,,,,,,,,,,,,,,,,,,,,,,,,,,,,,,,,,,,,,,,,,,,,,,,,
2033653985536282026,Diamond Works,TRUE,83 Rivonia Rd,,2196,Sandton,Gauteng,ZA,021 425 1970,,,,,,,,,,,,,,,-26.1195910,28.0357832,,,,,,,,,,,,,,,,,,,,,,,,,,,,,,,
1909,Bell & Ross,TRUE,"Shop 3 Nelson Mandela Sq, Fifth St, Sandown",,2196,Sandton,Gauteng,ZA,011 883 0666,,,,,,,,,,,,,,,-26.1068850,28.0540470,,,,,,,,,,,,,,,,,,,,,,,,,,,,,,,
2420,Cajees Time Zone,TRUE,Shop 1063 Mall of Africa,,1686,Midrand,,ZA,011 517 2418,,,,,,,,,,,,,,,,,,,,,,,,,,,,,,,,,,,,,,,,,,,,,,,
5200203317323392825,Greig & Meinke,TRUE,"Shop 100, Brooklyn Mall",,0002,Pretoria,Gauteng,ZA,012 460 7415,,,,,,,,,,,,,,,,,,,,,,,,,,,,,,,,,,,,,,,,,,,,,,,
2029,Sedgars,TRUE,9 Market Avenue,,1939,Vereeniging,,ZA,016 422 3804,,,,,,,,,,,,,,,-26.6751692,27.9304723,,,,,,,,,,,,,,,,,,,,,,,,,,,,,,,
1924,Bellagio Gateway,TRUE,Shop G305 - Gateway Shopping Centre,,4319,Durban,,ZA,031 566 2527,,,,,,,,,,,,,,,-29.7257340,31.0664381,,,,,,,,,,,,,,,,,,,,,,,,,,,,,,,
2317,Murdocks Jewellers,TRUE,"122, Victoria Wharf, V & A Waterfront",,8002,Cape Town,,ZA,021 419 0302,,,,,,,,,,,,,,,-33.9041458,18.4199587,,,,,,,,,,,,,,,,,,,,,,,,,,,,,,,
2059,Gerard Horlogerie,TRUE,30 rue Pasteur,,97400,SAINT DENIS,,RE,,,,,,,,,,,,,,,,-20.8789474,55.4504934,,,,,,,,,,,,,,,,,,,,,,,,,,,,,,,
2548,PONCINI,TRUE,Caudan Waterfront,,11703,Port Louis,,MU,211 6921,,,,,,,,,,,,,,,,,,,,,,,,,,,,,,,,,,,,,,,,,,,,,,,
2687,Zakaa,TRUE,53 Gana St,,904101,ABUJA,,NG,09 291 4615,,,,,,,,,,,,,,,9.0771929,7.4985859,,,,,,,,,,,,,,,,,,,,,,,,,,,,,,,
