Handle,Name,Status,Address Line 1,Address Line 2,Postal/ZIP Code,City,State/Province/Region,Country,Phone,Email,Website,Image URL,Monday,Tuesday,Wednesday,Thursday,Friday,Saturday,Sunday,Page Title,Page Description,Meta Title,Meta Description,Latitude,Longitude,Priority,Name - FR,Page Title - FR,Page Description - FR,Name - ZH-CN,Page Title - ZH-CN,Page Description - ZH-CN,Name - ES,Page Title - ES,Page Description - ES, Tags,Custom Brands,Custom Brands - FR,Custom Brands - ZH-CN,Custom Brands - ES,Custom Button title 1,Custom Button title 1 - FR,Custom Button title 1 - ZH-CN,Custom Button title 1 - ES,Custom Button URL 1,Custom Button URL 1 - FR,Custom Button URL 1 - ZH-CN,Custom Button URL 1 - ES,Custom Button title 2,Custom Button title 2 - FR,Custom Button title 2 - ZH-CN,Custom Button title 2 - ES,Custom Button URL 2,Custom Button URL 2 - FR,Custom Button URL 2 - ZH-CN,Custom Button URL 2 - ES
berger-joyeros-mexico-city,Berger Joyeros,TRUE,"Antara Fashion Mall Av. Ejército Nacional Mexicano 843-B Granada, Miguel Hidalgo",,11520,Mexico City,CDMX,Mexico,55 5280 7959,,https://berger-36/rswi_2220-mexicocity-mexico,,,,,,,,,,,,,19.4388308,-99.2022922,,,,,,,,,,,,,,,,,,,,,,,,,,,,,,,
berger-joyeros-mexico-city-1,Berger Joyeros,TRUE,"Centro Comercial Santa Fe Av. Vasco de Quiroga 3850 Cuajimalpa de Morelos, Santa Fe",,5109,Mexico City,CDMX,Mexico,55 2167 8035,,https://berger-36/rswi_14197-mexicocity-mexico,,,,,,,,,,,,,19.3616267,-99.2759556,,,,,,,,,,,,,,,,,,,,,,,,,,,,,,,
berger-joyeros-mexico-city-2,Berger Joyeros,TRUE,"Real Mayorazgo 130 Xoco, Benito Juárez",,03330,Mexico City,CDMX,Mexico,,,https://berger-36/rswi_133156-mexicocity-mexico,,,,,,,,,,,,,19.3594113,-99.1680530,,,,,,,,,,,,,,,,,,,,,,,,,,,,,,,
boutique-rolex-berger-mexico-city,Boutique Rolex Berger,TRUE,"Palacio de Hierro Av. Moliere 222 Polanco, Miguel Hidalgo",,11570,Mexico City,CDMX,Mexico,55 5280 1199,,https://berger-36/rswi_18050-mexicocity-mexico,,,,,,,,,,,,,19.4355317,-99.2020784,,,,,,,,,,,,,,,,,,,,,,,,,,,,,,,
boutique-rolex-berger-mexico-city-1,Boutique Rolex Berger,TRUE,"Av. Pdte Masaryk 440 Polanco, Polanco III Secc, Miguel Hidalgo",,11550,Mexico City,CDMX,Mexico,55 5280 9569,,https://berger-36/rswi_15626-mexicocity-mexico,,,,,,,,,,,,,19.4318832,-99.2007199,,,,,,,,,,,,,,,,,,,,,,,,,,,,,,,
christies-xxi-aguascalientes,Christie's XXI,TRUE,"Blvd. Luis Donaldo Colosio Murrieta 125 Colonia, Jardines de la Concepción I,",,20120,Aguascalientes,Aguascalientes,Mexico,449 287 1686,,https://christies-526/rswi_2189-aguascalientes-mexico,,,,,,,,,,,,,21.9237269,-102.2899564,,,,,,,,,,,,,,,,,,,,,,,,,,,,,,,
deutsch-deutsch-victoria,Deutsch & Deutsch,TRUE,6007 NE Zac Lentz Parkway,,77904,Victoria,Texas,United States,+1 361-576-4777,,https://deutschdeutsch-597/rswi_17415-victoria-unitedstates,,,,,,,,,,,,,28.8625117,-96.9832069,,,,,,,,,,,,,,,,,,,,,,,,,,,,,,,
deutsch-jewelers-houston-houston,Deutsch Jewelers Houston,TRUE,3747 Westheimer Road,,77027,Houston,Texas,United States,+1 713-627-7787,,https://deutschhouston-5388/rswi_3099-houston-unitedstates,,,,,,,,,,,,,29.7417480,-95.4424700,,,,,,,,,,,,,,,,,,,,,,,,,,,,,,,
deutsch-of-laredo-laredo,Deutsch of Laredo,TRUE,2101 East Del Mar Boulevard,,78041,Laredo,Texas,United States,+1 956-728-9300,,https://deutschdeutsch-597/rswi_3159-laredo-unitedstates,,,,,,,,,,,,,27.5458080,-99.5026840,,,,,,,,,,,,,,,,,,,,,,,,,,,,,,,
deutsch-of-mcallen-mc-allen,Deutsch of McAllen,TRUE,2109 South 10th Street Suite 20,,78503,Mc Allen,Texas,United States,+1 956-631-7218,,https://deutschdeutsch-597/rswi_3210-mcallen-unitedstates,,,,,,,,,,,,,26.1841320,-98.2333550,,,,,,,,,,,,,,,,,,,,,,,,,,,,,,,
emwa-naucalpan,EMWA,TRUE,Centro Comercial Plaza Satélite 2251 Circuito Centro Comercial,,53100,Naucalpan,México,Mexico,55 5627 8376,,https://emwa-629/rswi_18199-naucalpan-mexico,,,,,,,,,,,,,19.5102390,-99.2342203,,,,,,,,,,,,,,,,,,,,,,,,,,,,,,,
emwa-chihuahua,EMWA,TRUE,Centro Comercial Fashion Mall 3501 Av. De La Juventud Luis Donaldo Colosio,,31294,Chihuahua,Chihuahua,Mexico,614 430 0476,,https://emwa-629/rswi_2196-chihuahua-mexico,,,,,,,,,,,,,28.6317200,-106.1206000,,,,,,,,,,,,,,,,,,,,,,,,,,,,,,,
emwa-león,EMWA,TRUE,"Plaza Mayor Blvd. Juan Alonso de Torres Pte. 2002-Local 1410, Valle del Campestre",,37150,León,Guanajuato,Mexico,477 773 5685,,https://emwa-629/rswi_2205-leon-mexico,,,,,,,,,,,,,21.1576200,-101.6953700,,,,,,,,,,,,,,,,,,,,,,,,,,,,,,,
emwa-metepec,EMWA,TRUE,"Town Square Metepec 1100 Av. Ignacio Comonfort #1100, Residencial la Providencia",,52177,Metepec,México,Mexico,+52 722 232 56 41,,https://emwa-629/rswi_2207-metepec-mexico,,,,,,,,,,,,,19.2599424,-99.6201611,,,,,,,,,,,,,,,,,,,,,,,,,,,,,,,
emwa-mexico-city,EMWA,TRUE,"Centro Comercial Perisur Local H332 Anillo periférico Sur #4690 Ampliación Ampliación, Jardines del Pedregal",,04500,Mexico City,CDMX,Mexico,55 56 06 43 26,,https://emwa-629/rswi_2209-mexicocity-mexico,,,,,,,,,,,,,19.3031605,-99.1899133,,,,,,,,,,,,,,,,,,,,,,,,,,,,,,,
emwa-monterrey,EMWA,TRUE,"Centro Comercial Paseo San Pedro Av. José Vasconcelos 402, Valle del Campestre",,66265,Monterrey,Nuevo León,Mexico,81 8378 5349,,https://emwa-629/rswi_10401-monterrey-mexico,,,,,,,,,,,,,25.6515091,-100.3595706,,,,,,,,,,,,,,,,,,,,,,,,,,,,,,,
emwa-santiago-de-querétaro,EMWA,TRUE,Antea Life Style Center San Luis Potosí - Santiago de Querétaro 12401,,76127,Santiago de Querétaro,Querétaro,Mexico,+52 442 688 11 61,,https://emwa-629/rswi_2211-santiagodequeretaro-mexico,,,,,,,,,,,,,20.6762827,-100.4367588,,,,,,,,,,,,,,,,,,,,,,,,,,,,,,,
emwa-monterrey-1,EMWA,TRUE,Calz. Del Valle 472,,66220,Monterrey,Nuevo León,Mexico,+52 818 335 01 77,,https://emwa-629/rswi_2221-monterrey-mexico,,,,,,,,,,,,,25.6547960,-100.3601074,,,,,,,,,,,,,,,,,,,,,,,,,,,,,,,
emwa-hermosillo,EMWA,TRUE,"Grand Kino Hermosillo Centro Comercial Grand Kino Local 102 Blvd, Eusebio Francisco Kino 315, Lomas Pitic",,83010,Hermosillo,Sonora,Mexico,662 285 1639,,https://emwa-629/rswi_15822-hermosillo-mexico,,,,,,,,,,,,,29.0970800,-110.9375300,,,,,,,,,,,,,,,,,,,,,,,,,,,,,,,
joyería-el-zafiro-reynosa,Joyería El Zafiro,TRUE,"Plaza Real Reynosa Blvd. Hidalgo #101 Local F-09, Las Fuentes",,88710,Reynosa,Tamaulipas,Mexico,899 924 9148,,https://joyeriaelzafiro-6784/rswi_18563-reynosa-mexico,,,,,,,,,,,,,26.0743194,-98.3191530,,,,,,,,,,,,,,,,,,,,,,,,,,,,,,,
lee-michaels-fine-jewelry-san-antonio,Lee Michaels Fine Jewelry,TRUE,"15900 La Cantera Pkwy The Shops at La Cantera, Suite #3360",,78256,San Antonio,Texas,United States,+1 210-699-9494,,https://leemichaelsfinejewelers-1166/rswi_4146-sanantonio-unitedstates,,,,,,,,,,,,,29.5929010,-98.6180660,,,,,,,,,,,,,,,,,,,,,,,,,,,,,,,
lee-michaels-fine-jewelry-san-antonio-1,Lee Michaels Fine Jewelry,TRUE,255 East Basse Road Suite 900,,78209,San Antonio,Texas,United States,+1 210-278-5980,,https://leemichaelsfinejewelers-1166/rswi_3418-sanantonio-unitedstates,,,,,,,,,,,,,29.4965004,-98.4825274,,,,,,,,,,,,,,,,,,,,,,,,,,,,,,,
macame-andares-zapopan,Macame Andares,TRUE,Centro Comercial Andares Boulevard Puerta de Hierro #4965 Local UP8 21 Colonia Puerta de Hierro,,45116,Zapopan,Jalisco,Mexico,33 3611 2594,,https://macame-1233/rswi_3965-zapopan-mexico,,,,,,,,,,,,,20.7107516,-103.4119715,,,,,,,,,,,,,,,,,,,,,,,,,,,,,,,
macame-palacio-de-hierro-zapopan,Macame Palacio de Hierro,TRUE,Ave. Patria 2085,,45116,Zapopan,Jalisco,Mexico,+52 3315145839,,https://macame-1233/rswi_184057-zapopan-mexico,,,,,,,,,,,,,20.7101896,-103.4125925,,,,,,,,,,,,,,,,,,,,,,,,,,,,,,,
macame-rolex-boutique-midtown-guadalajara,Macame Rolex Boutique Midtown,TRUE,Av. Adolfo López Mateos No. 2405 Local 29 Col. Italia Providencia,,44648,Guadalajara,Jalisco,Mexico,,,https://macame-1233/rswi_187548-guadalajara-mexico,,,,,,,,,,,,,20.6948608,-103.3759765,,,,,,,,,,,,,,,,,,,,,,,,,,,,,,,
mario-ramos-culiacán,Mario Ramos,TRUE,"Blvd. Pedro Infante 3000, Desarrollo Urbano Tres Ríos",,80100,Culiacán,Sinaloa,Mexico,667 135 7734,,https://marioramos-1248/rswi_2199-culiacan-mexico,,,,,,,,,,,,,24.7981761,-107.4234718,,,,,,,,,,,,,,,,,,,,,,,,,,,,,,,
peyrelongue-chronos-masaryk-mexico-city,Peyrelongue Chronos Masaryk,TRUE,"Av. Pdte Masaryk 431 Polanco, Polanco III Secc, Miguel Hidalgo",,11560,Mexico City,CDMX,Mexico,+52 55 5281 5050,,https://peyrelonguechronos-19/rswi_2213-mexicocity-mexico,,,,,,,,,,,,,19.4320744,-99.2003202,,,,,,,,,,,,,,,,,,,,,,,,,,,,,,,
peyrelongue-chronos-mexico-city,Peyrelongue Chronos,TRUE,"Centro Comercial Artz Pedregal Periférico Sur 3720 Jardines del Pedregal, Alvaro Obregon",,01900,Mexico City,CDMX,Mexico,+52 55 5929 3238,,https://peyrelonguechronos-19/rswi_18053-mexicocity-mexico,,,,,,,,,,,,,19.3146330,-99.2200024,,,,,,,,,,,,,,,,,,,,,,,,,,,,,,,
reeds-jewelers-corpus-christi,Reeds Jewelers,TRUE,"5488 South S Padre Dr La Palmera Mall, Suite 1438,",,78411,Corpus Christi,Texas,United States,+1 361-985-8536,,https://reedslandmark-25171/rswi_4152-corpuschristi-unitedstates,,,,,,,,,,,,,27.7127930,-97.3745300,,,,,,,,,,,,,,,,,,,,,,,,,,,,,,,
thomas-markle-jewelers-houston,Thomas Markle Jewelers,TRUE,947 Gessner Road Suite A150,,77024,Houston,Texas,United States,+1 713-465-7464,,https://thomasmarklejewelers-270/rswi_14095-houston-unitedstates,,,,,,,,,,,,,29.7832625,-95.5457656,,,,,,,,,,,,,,,,,,,,,,,,,,,,,,,
torres-joyas-puebla,Torres Joyas,TRUE,Centro Comercial Angelópolis 2510 Blvd. del Niño Poblano,,72450,Puebla,Puebla,Mexico,+52 222 225 00 87,,https://torresjoyas-631/rswi_2226-puebla-mexico,,,,,,,,,,,,,19.0319181,-98.2343001,,,,,,,,,,,,,,,,,,,,,,,,,,,,,,,
tressor-joyeros-mexico-city,Tressor Joyeros,TRUE,Av. Altavista 89 Col. San Angel Inn,,01060,Mexico City,CDMX,Mexico,55  55 50 90 37,,https://tressor-1002/rswi_2215-mexicocity-mexico,,,,,,,,,,,,,19.3626748,-99.1936205,,,,,,,,,,,,,,,,,,,,,,,,,,,,,,,
ultrajewels-cabo-san-lucas,Ultrajewels,TRUE,"Blvd. Paseo de la Marina esquina, Centro, Centro, Malecon",,23453,Cabo San Lucas,Baja California Sur,Mexico,998 157 9954,,https://ultrajewels-314/rswi_10602-cabosanlucas-mexico,,,,,,,,,,,,,22.8926681,-109.9283748,,,,,,,,,,,,,,,,,,,,,,,,,,,,,,,
deboulle-diamond-jewelry-houston,deBoulle Diamond & Jewelry,TRUE,"4444 Westheimer Road River Oak District, Suite F105",,77027,Houston,Texas,United States,7136212400,,https://deboullediamondjewelry-591/rswi_129181-houston-unitedstates,,,,,,,,,,,,,29.7424124,-95.4531283,,,,,,,,,,,,,,,,,,,,,,,,,,,,,,,
aucoin-hart-jewelers-metairie,Aucoin-Hart Jewelers,TRUE,1525 Metairie Road,,70005,Metairie,Louisiana,United States,+1 504-834-9999,,https://aucoinhartjewelers-943/rswi_3218-metairie-unitedstates,,,,,,,,,,,,,29.9867940,-90.1403150,,,,,,,,,,,,,,,,,,,,,,,,,,,,,,,
bijoux-kingston,Bijoux,TRUE,7 Dominica Drive,,5,Kingston,7 Dominica Drive,Jamaica,+1 876-926-4784,,https://bijoux-4765/rswi_133601-kingston-jamaica,,,,,,,,,,,,,18.0060513,-76.7889135,,,,,,,,,,,,,,,,,,,,,,,,,,,,,,,
bucherer-1888-palm-beach,Bucherer 1888,TRUE,175 Worth Avenue,,33480,Palm Beach,Florida,United States,+1 561-832-8812,,https://tourneaubucherer-295/rswi_3321-palmbeach-unitedstates,,,,,,,,,,,,,26.7008010,-80.0357400,,,,,,,,,,,,,,,,,,,,,,,,,,,,,,,
bucherer-1888-bal-harbour,Bucherer 1888,TRUE,"9700 Collins Avenue Bal Harbour Shops, Suite 210",,33154,Bal Harbour,Florida,United States,+1 305-866-4312,,https://tourneaubucherer-295/rswi_2817-balharbour-unitedstates,,,,,,,,,,,,,25.8879480,-80.1238110,,,,,,,,,,,,,,,,,,,,,,,,,,,,,,,
bucherer-1888-naples,Bucherer 1888,TRUE,5495 Tamiami Trail North Waterside Shops at Pelican Bay,,34108,Naples,Florida,United States,+1 239-591-1342,,https://tourneaubucherer-295/rswi_4151-naples-unitedstates,,,,,,,,,,,,,26.2128520,-81.8005710,,,,,,,,,,,,,,,,,,,,,,,,,,,,,,,
emwa-merida,EMWA,TRUE,Galerías Mérida C. 60 299 Zona Industrial,,97110,Merida,Yucatan,Mexico,+52 999 941 5844,,https://emwa-629/rswi_3982-merida-mexico,,,,,,,,,,,,,21.0337400,-89.6277800,,,,,,,,,,,,,,,,,,,,,,,,,,,,,,,
fs-richard-avia-12-calle-2-25-zona-10-guatemala,FS Richard AVIA 12 Calle 2-25 Zona 10,TRUE,"12 Calle 2-25 Zona 10, Local # 9",,01010,Guatemala,Guatemala,Guatemala,+502 2361-5627,,https://fsrichard-700/rswi_16675-guatemala-guatemala,,,,,,,,,,,,,14.6000419,-90.5144820,,,,,,,,,,,,,,,,,,,,,,,,,,,,,,,
fakier-jewelers-houma,Fakier Jewelers,TRUE,7947 Main Street,,70360,Houma,Louisiana,United States,+1 985-876-6200,,https://fakierjewelers-660/rswi_3095-houma-unitedstates,,,,,,,,,,,,,29.5984134,-90.7191799,,,,,,,,,,,,,,,,,,,,,,,,,,,,,,,
hamilton-jewelers-palm-beach-gardens,Hamilton Jewelers,TRUE,3101 PGA Boulevard,,33410,Palm Beach Gardens,Florida,United States,+1 561-775-3600,,https://hamiltonjewelers-469/rswi_12404-palmbeachgardens-unitedstates,,,,,,,,,,,,,26.8485749,-80.0830896,,,,,,,,,,,,,,,,,,,,,,,,,,,,,,,
jr-dunn-jewelers-lighthouse-point,J.R. Dunn Jewelers,TRUE,4210 North Federal Highway,,33064,Lighthouse Point,Florida,United States,+1 954-782-5000,,https://jrdunnjewelers-907/rswi_3177-lighthousepoint-unitedstates,,,,,,,,,,,,,26.2830480,-80.0962680,,,,,,,,,,,,,,,,,,,,,,,,,,,,,,,
john-bull-ltd-nassau,John Bull Ltd,TRUE,284 Bay Street Flagship Store,,n/a,Nassau,New Providence,Bahamas,+1 242-302-2800,,https://johnbull-934/rswi_133619-nassau-bahamas,,,,,,,,,,,,,25.0779055,-77.3389738,,,,,,,,,,,,,,,,,,,,,,,,,,,,,,,
john-bull-the-atlantis-nassau,John Bull The Atlantis,TRUE,Crystal Court at Atlantis Resort Paradise Island,,32174,Nassau,New Providence,Bahamas,,,https://johnbull-934/rswi_133716-nassau-bahamas,,,,,,,,,,,,,25.0837819,-77.3211980,,,,,,,,,,,,,,,,,,,,,,,,,,,,,,,
joyeria-bauer-cartagena,Joyeria Bauer,TRUE,"Hotel Charleston Santa Teresa, Carrera 3 #31-23, Centro Plaza Santa Teresa",,.,Cartagena,Bolivar,Colombia,+57 315 2196026,,https://joyeriabauer-955/rswi_16623-cartagena-colombia,,,,,,,,,,,,,10.4222342,-75.5525482,,,,,,,,,,,,,,,,,,,,,,,,,,,,,,,
joyeria-la-joya-san-salvador,Joyeria La Joya,TRUE,"Centro Comercial Multi Plaza, 5264 Paseo General Escalón Col Escalón",,n/a,San Salvador,San Salvador,El Salvador,+503 7021 7100,,https://joyerialajoya-980/rswi_1405-sansalvador-elsalvador,,,,,,,,,,,,,13.6797719,-89.2482184,,,,,,,,,,,,,,,,,,,,,,,,,,,,,,,
kempf-jewelers-indialantic,Kempf Jewelers,TRUE,336 Fifth Avenue,,32903,Indialantic,Florida,United States,+1 321-724-5820,,https://kempfjewelers-1103/rswi_3111-indialantic-unitedstates,,,,,,,,,,,,,28.0901860,-80.5717090,,,,,,,,,,,,,,,,,,,,,,,,,,,,,,,
kirk-freeport-plaza-ltd-george-town,Kirk Freeport Plaza Ltd,TRUE,Bayshore Mall Harbour Drive,,n/a,George Town,Grand Cayman,Cayman Islands,+1 345-949-7477,,https://kirkfreeport-1114/rswi_133621-georgetown-caymanislands,,,,,,,,,,,,,19.2936735,-81.3833313,,,,,,,,,,,,,,,,,,,,,,,,,,,,,,,
kirk-jewelers-miami,Kirk Jewelers,TRUE,"701 South Miami Ave Brickell City Centre, Suite 327-A",,33131,Miami,Florida,United States,+1 305-371-1321,,https://kirkjewelers-1115/rswi_3220-miami-unitedstates,,,,,,,,,,,,,25.7670679,-80.1940470,,,,,,,,,,,,,,,,,,,,,,,,,,,,,,,
mayors-jewelers-miami,Mayors Jewelers,TRUE,"7535 North Kendall Drive Dadeland Mall, Suite 1860",,33156,Miami,Florida,United States,+1 305-667-7517,,https://mayorsjewelers-1265/rswi_3223-miami-unitedstates,,,,,,,,,,,,,25.6901911,-80.3132992,,,,,,,,,,,,,,,,,,,,,,,,,,,,,,,
mayors-jewelers-miami-1,Mayors Jewelers,TRUE,"1455 NW 107th Avenue Miami International Mall, #264",,33172,Miami,Florida,United States,+1 305-594-7447,,https://mayorsjewelers-1265/rswi_3224-miami-unitedstates,,,,,,,,,,,,,25.7866570,-80.3685960,,,,,,,,,,,,,,,,,,,,,,,,,,,,,,,
mayors-jewelers-sarasota,Mayors Jewelers,TRUE,140 University Town Center Drive The Mall at University Town Center,,34243,Sarasota,Florida,United States,+1 941-893-1124,,https://mayorsjewelers-1265/rswi_3445-sarasota-unitedstates,,,,,,,,,,,,,27.3845902,-82.4530991,,,,,,,,,,,,,,,,,,,,,,,,,,,,,,,
mayors-jewelers-tampa,Mayors Jewelers,TRUE,"2223 North Westshore Blvd International Plaza, Suite #2001",,33607,Tampa,Florida,United States,+1 813-354-8080,,https://mayorsjewelers-1265/rswi_3503-tampa-unitedstates,,,,,,,,,,,,,27.9627932,-82.5206709,,,,,,,,,,,,,,,,,,,,,,,,,,,,,,,
mayors-jewelers-aventura,Mayors Jewelers,TRUE,"19575 Biscayne Blvd Aventura Mall, Suite 177",,33180,Aventura,Florida,United States,+1 305-937-1444,,https://mayorsjewelers-1265/rswi_2814-aventura-unitedstates,,,,,,,,,,,,,25.9571477,-80.1436082,,,,,,,,,,,,,,,,,,,,,,,,,,,,,,,
mayors-jewelers-boca-raton,Mayors Jewelers,TRUE,"6000 Glades Road Town Center at Boca Raton, Suite 1119",,33431,Boca Raton,Florida,United States,+1 561-368-6022,,https://mayorsjewelers-1265/rswi_2846-bocaraton-unitedstates,,,,,,,,,,,,,26.3685950,-80.1371860,,,,,,,,,,,,,,,,,,,,,,,,,,,,,,,
mayors-jewelers-coral-gables,Mayors Jewelers,TRUE,"342 San Lorenzo Ave. Village of Merrick Park, Suite 1005",,33146,Coral Gables,Florida,United States,+1 305-446-1233,,https://mayorsjewelers-1265/rswi_2946-coralgables-unitedstates,,,,,,,,,,,,,25.7321360,-80.2613380,,,,,,,,,,,,,,,,,,,,,,,,,,,,,,,
rolex-boutique-baha-mar-nassau,Rolex Boutique Baha Mar,TRUE,"Baha Mar, Cable beach",,n/a,Nassau,New Providence,Bahamas,+1 242-788-7834,,https://rolexboutiquejohnbullbahamar-24840/rswi_133618-nassau-bahamas,,,,,,,,,,,,,25.0779112,-77.4116984,,,,,,,,,,,,,,,,,,,,,,,,,,,,,,,
rolex-boutique-luxury-swiss-miami,Rolex Boutique Luxury Swiss,TRUE,182 NE 39th Street,,33137,Miami,Florida,United States,+1 305-576-5391,,https://rolexboutiqueluxuryswiss-3762/rswi_12409-miami-unitedstates,,,,,,,,,,,,,25.8129440,-80.1927340,,,,,,,,,,,,,,,,,,,,,,,,,,,,,,,
rolex-boutique-mayors-orlando,Rolex Boutique Mayors,TRUE,"4200 Conroy Road The Mall at Millenia, Suite J-273",,32839,Orlando,Florida,United States,+1 407-674-1871,,https://rolexboutiquemayorsorlando-24828/rswi_4916-orlando-unitedstates,,,,,,,,,,,,,28.4855650,-81.4315497,,,,,,,,,,,,,,,,,,,,,,,,,,,,,,,
ultrajewels-cancún,Ultrajewels,TRUE,Luxury Avenue Boutique Mall Cancún Luxury Avenue Blvd. Kukulcan Km 13.5 Zona Hotelera,,77500,Cancún,Quintana Roo,Mexico,998 157 9954,,https://ultrajewels-314/rswi_2192-cancun-mexico,,,,,,,,,,,,,21.1011470,-86.7661580,,,,,,,,,,,,,,,,,,,,,,,,,,,,,,,
ultrajewels-cancún-1,Ultrajewels,TRUE,Marina Puerto Cancun Blvd. Kulkulcán km. 1.5,,77500,Cancún,Quintana Roo,Mexico,998 157 9954,,https://ultrajewels-314/rswi_2194-cancun-mexico,,,,,,,,,,,,,21.1611329,-86.8085399,,,,,,,,,,,,,,,,,,,,,,,,,,,,,,,
ultrajewels-playa-del-carmen,Ultrajewels,TRUE,"Quinta Avenida Norte, entre calle 14 y 16,",,77710,Playa del Carmen,Quintana Roo,Mexico,998 157 9954,,https://ultrajewels-314/rswi_2225-playadelcarmen-mexico,,,,,,,,,,,,,20.6291402,-87.0706788,,,,,,,,,,,,,,,,,,,,,,,,,,,,,,,
weston-jewelers-weston,Weston Jewelers,TRUE,1728 Main Street,,33326,Weston,Florida,United States,+1 954-389-7990,,https://westonjewelers-4966/rswi_15443-weston-unitedstates,,,,,,,,,,,,,26.0975279,-80.3811079,,,,,,,,,,,,,,,,,,,,,,,,,,,,,,,
ag-joyeria-caracas-caracas,AG Joyeria Caracas,TRUE,"CC Santa Fé - Local C-3, 61-62 Avenida José María Vargas",,1080,Caracas,Federal District,Venezuela,+58 212-977 1954,,https://alvarogioiellicaluxurybrands-658/rswi_3625-caracas-venezuela,,,,,,,,,,,,,10.4665474,-66.8715501,,,,,,,,,,,,,,,,,,,,,,,,,,,,,,,
chrono-srl-santiago,Chrono SRL,TRUE,"1B Ave. Metropolitana, Lotus Gallerie Local Los Jardines Metropolitanos",,51000,Santiago,Santiago,Dominican Republic,+1 809-582-5882,,https://chronosrl-6451/rswi_133603-santiago-dominicanrepublic,,,,,,,,,,,,,19.4611165,-70.6922252,,,,,,,,,,,,,,,,,,,,,,,,,,,,,,,
gandelman-oranjestad,Gandelman,TRUE,L.G. Smith Boulevard 82 Renaissance Mall,,00000,Oranjestad,Aruba,Aruba,+297 529 9920,,https://gandelman-716/rswi_133607-oranjestad-aruba,,,,,,,,,,,,,12.5191227,-70.0381974,,,,,,,,,,,,,,,,,,,,,,,,,,,,,,,
glauser-joyeria-y-relojeria-barranquilla,Glauser Joyeria Y Relojeria,TRUE,"Centro Comercial Buenavista, Cl. 98 #52-115, Local 126-127 Riomar",,110111,Barranquilla,Atlántico,Colombia,+57 313 2841334,,https://glauser-776/rswi_1359-barranquilla-colombia,,,,,,,,,,,,,11.0133291,-74.8272049,,,,,,,,,,,,,,,,,,,,,,,,,,,,,,,
jais-providenciales,Jai's,TRUE,"The Regent Village, Grace Bay",,TKCA 1ZZ,Providenciales,Turks and Caicos Islands,Turks and Caicos Islands,+1 649-941-4324,,https://jais-913/rswi_133616-providenciales-turksandcaicosislands,,,,,,,,,,,,,21.7951977,-72.1807659,,,,,,,,,,,,,,,,,,,,,,,,,,,,,,,
joyeria-daoro-caracas,Joyeria Daoro,TRUE,"Centro Comercial San Ignacio, Nivel jardin, Local J-43, Municipio Chacao",,1060,Caracas,Federal District,Venezuela,+58 212-2639371,,https://joyeriadaorosanignacioca-961/rswi_3627-caracas-venezuela,,,,,,,,,,,,,10.4959983,-66.8549824,,,,,,,,,,,,,,,,,,,,,,,,,,,,,,,
joyeria-internacional-ca-maracaibo,Joyeria Internacional C.A.,TRUE,"Centro Comercial Internacional, Local PB, 5 Av. de Julio",,4002,Maracaibo,Zulia,Venezuela,+58-261-8143333,,https://joyeriainternacionalca-972/rswi_3607-maracaibo-venezuela,,,,,,,,,,,,,10.6644880,-71.6296577,,,,,,,,,,,,,,,,,,,,,,,,,,,,,,,
joyeria-roca-hmnos-caracas,Joyeria Roca Hmnos,TRUE,"Av. La Estancia, Centro Ciudad Comercial Tamanaco (C.C.C.T) Nivel C1, Local 47-D-09, Urbanización Chuao",,1064,Caracas,Federal District,Venezuela,+58 212 959 2240,,https://joyeriarocasainversiones-951/rswi_3632-caracas-venezuela,,,,,,,,,,,,,10.4850268,-66.8542099,,,,,,,,,,,,,,,,,,,,,,,,,,,,,,,
joyería-bazzi-1960-caracas,Joyería Bazzi 1960,TRUE,"Local 13 y 15, Altamira Village, Av. Luis Roche. 5ta Transversal. Centro Comercial, Nivel PB Altamira",,1060,Caracas,Federal District,Venezuela,+58 212 263 5479,,https://joyeriabazzi1960-995/rswi_3633-caracas-venezuela,,,,,,,,,,,,,10.5007391,-66.8486202,,,,,,,,,,,,,,,,,,,,,,,,,,,,,,,
kury-alta-relojeria-san-juan,Kury Alta Relojeria,TRUE,525 F.D. Roosevelt Plaza Las Americas,,00918,San Juan,Puerto Rico,Puerto Rico,+1 787-766-5879,,https://kury-5007/rswi_15563-sanjuan-puertorico,,,,,,,,,,,,,18.4212093,-66.0739744,,,,,,,,,,,,,,,,,,,,,,,,,,,,,,,
littman-jewelers-kralendijk,Littman Jewelers,TRUE,33-35 Kaya Grandi Bonaire,,,Kralendijk,Netherlands Antilles,CARIBBEAN NETHERLANDS,+599 777 8160,,https://littmanjewelers-1197/rswi_133624-kralendijk-caribbeannetherlands,,,,,,,,,,,,,12.1522851,-68.2771955,,,,,,,,,,,,,,,,,,,,,,,,,,,,,,,
mimi-joyería-caracas,Mimi Joyería,TRUE,C.C. Tolón Fashion Mall Piso 1 Las Mercedes,,1080,Caracas,Federal District,Venezuela,+58 212-3008741,,https://mimijoyeria-886/rswi_3629-caracas-venezuela,,,,,,,,,,,,,10.4778529,-66.8523645,,,,,,,,,,,,,,,,,,,,,,,,,,,,,,,
rolex-boutique-bentrani-blue-mall-santo-domingo,Rolex Boutique Bentrani Blue Mall,TRUE,"Blue Mall, Av. Winston Churchill, Esq./Gustavo Mejia Ricart",,00000,Santo Domingo,National District,Dominican Republic,+1 809-955-3110,,https://bentrani-5498/rswi_133599-santodomingo-dominicanrepublic,,,,,,,,,,,,,18.4728017,-69.9410757,,,,,,,,,,,,,,,,,,,,,,,,,,,,,,,
ben-bridge-48-rancho-cucamonga,Ben Bridge #48,TRUE,8009 Day Creek Boulevard Victoria Gardens,,91739,Rancho Cucamonga,California,United States,,,https://benbridgejeweler-1342/rswi_184680-ranchocucamonga-unitedstates,,,,,,,,,,,,,34.1079900,-117.5367000,,,,,,,,,,,,,,,,,,,,,,,,,,,,,,,
ben-bridge-jeweler-lynnwood,Ben Bridge Jeweler,TRUE,"3000 184th Street SW Alderwood Mall, Suite 320",,98037,Lynnwood,Washington,United States,+1 425-771-7227,,https://benbridgejeweler-1342/rswi_3196-lynnwood-unitedstates,,,,,,,,,,,,,47.8318040,-122.2734940,,,,,,,,,,,,,,,,,,,,,,,,,,,,,,,
ben-bridge-jeweler-portland,Ben Bridge Jeweler,TRUE,9518 SW Washington Square Road Washington Square,,97223,Portland,Oregon,United States,+1 503-620-8452,,https://benbridgejeweler-1342/rswi_3351-portland-unitedstates,,,,,,,,,,,,,45.4488590,-122.7829820,,,,,,,,,,,,,,,,,,,,,,,,,,,,,,,
ben-bridge-jeweler-portland-1,Ben Bridge Jeweler,TRUE,800 SW Broadway Level 1,,97205,Portland,Oregon,United States,+1 503-295-2800,,https://benbridgejeweler-1342/rswi_3354-portland-unitedstates,,,,,,,,,,,,,45.5181330,-122.6779520,,,,,,,,,,,,,,,,,,,,,,,,,,,,,,,
ben-bridge-jeweler-san-diego,Ben Bridge Jeweler,TRUE,"4505 La Jolla Village Drive Westfield UTC, Suite #C-19",,92122,San Diego,California,United States,+1 858-453-9996,,https://benbridgejeweler-1342/rswi_3420-sandiego-unitedstates,,,,,,,,,,,,,32.8736770,-117.2095690,,,,,,,,,,,,,,,,,,,,,,,,,,,,,,,
ben-bridge-jeweler-seattle,Ben Bridge Jeweler,TRUE,1530 5th Avenue,,98101,Seattle,Washington,United States,+1 206-716-1000,,https://benbridgejeweler-1342/rswi_3458-seattle-unitedstates,,,,,,,,,,,,,47.6096010,-122.3360380,,,,,,,,,,,,,,,,,,,,,,,,,,,,,,,
ben-bridge-jeweler-tukwila,Ben Bridge Jeweler,TRUE,"81 Westfield Southcenter, Southcenter Mall",,98188,Tukwila,Washington,United States,+1 206-246-6227,,https://benbridgejeweler-1342/rswi_3523-tukwila-unitedstates,,,,,,,,,,,,,47.4651630,-122.2691000,,,,,,,,,,,,,,,,,,,,,,,,,,,,,,,
ben-bridge-jeweler-bellevue,Ben Bridge Jeweler,TRUE,143 Bellevue Square,,98004,Bellevue,Washington,United States,+1 425-454-9227,,https://benbridgejeweler-1342/rswi_2831-bellevue-unitedstates,,,,,,,,,,,,,47.6151510,-122.2030722,,,,,,,,,,,,,,,,,,,,,,,,,,,,,,,
ben-bridge-jeweler-torrance,Ben Bridge Jeweler,TRUE,"21540 Hawthorne Boulevard Del Amo Fashion Center, #417B",,90503,Torrance,California,United States,+1 310-371-3328,,https://benbridgejeweler-1342/rswi_15401-torrance-unitedstates,,,,,,,,,,,,,33.8258145,-118.3513984,,,,,,,,,,,,,,,,,,,,,,,,,,,,,,,
bhindi-jewelers-glendale,Bhindi Jewelers,TRUE,"2213 Galleria Way Glendale Galleria, Suite # L-001",,91210,Glendale,California,United States,+1 818-243-8755,,https://bhindijewelers-127/rswi_12408-glendale-unitedstates,,,,,,,,,,,,,34.1459422,-118.2591859,,,,,,,,,,,,,,,,,,,,,,,,,,,,,,,
bhindi-jewelers-artesia,Bhindi Jewelers,TRUE,18508 Pioneer Boulevard,,90701,Artesia,California,United States,+1 562-402-8755,,https://bhindijewelers-127/rswi_2793-artesia-unitedstates,,,,,,,,,,,,,33.8636590,-118.0822280,,,,,,,,,,,,,,,,,,,,,,,,,,,,,,,
bucherer-1888-las-vegas,Bucherer 1888,TRUE,"3500 Las Vegas Blvd South The Forum Shops, Suite #F-07A",,89109,Las Vegas,Nevada,United States,+1 702-732-8463,,https://tourneaubucherer-295/rswi_3167-lasvegas-unitedstates,,,,,,,,,,,,,36.1190395,-115.1740077,,,,,,,,,,,,,,,,,,,,,,,,,,,,,,,
davidson-licht-walnut-creek,Davidson & Licht,TRUE,1205 Broadway Plaza,,94596,Walnut Creek,California,United States,+1 925-935-0940,,https://davidsonlicht-586/rswi_3548-walnutcreek-unitedstates,,,,,,,,,,,,,37.8978822,-122.0605291,,,,,,,,,,,,,,,,,,,,,,,,,,,,,,,
de-vons-jewelers-reno,De Vons Jewelers,TRUE,13981 South Virginia Street #402A,,89511,Reno,Nevada,United States,+1 775-853-1597,,https://devonsjewelers-589/rswi_3375-reno-unitedstates,,,,,,,,,,,,,39.4049039,-119.7476640,,,,,,,,,,,,,,,,,,,,,,,,,,,,,,,
de-vons-jewelers-roseville,De Vons Jewelers,TRUE,"1151 Galleria Blvd Westfield Galleria at Roseville, Suite #1080",,95678,Roseville,California,United States,+1 916-788-4150,,https://devonsjewelers-589/rswi_3395-roseville-unitedstates,,,,,,,,,,,,,38.7722030,-121.2658350,,,,,,,,,,,,,,,,,,,,,,,,,,,,,,,
de-vons-jewelers-stockton,De Vons Jewelers,TRUE,"220 Lincoln Center, Lincoln Center",,95207,Stockton,California,United States,+1 209-951-9610,,https://devonsjewelers-589/rswi_3488-stockton-unitedstates,,,,,,,,,,,,,38.0108500,-121.3231260,,,,,,,,,,,,,,,,,,,,,,,,,,,,,,,
fourtané-carmel-by-the-sea,Fourtané,TRUE,Ocean Avenue at Lincoln Street,,93921,Carmel By The Sea,California,United States,+1 831-624-4684,,https://fourtane-682/rswi_2885-carmelbythesea-unitedstates,,,,,,,,,,,,,36.5550120,-121.9235290,,,,,,,,,,,,,,,,,,,,,,,,,,,,,,,
fredric-h-rubel-jewelers-laguna-beach,Fredric H. Rubel Jewelers,TRUE,246 Forest Avenue,,92651,Laguna Beach,California,United States,949-494-3513,,https://fredrichrubeljewelers-694/rswi_3153-lagunabeach-unitedstates,,,,,,,,,,,,,33.5428110,-117.7828230,,,,,,,,,,,,,,,,,,,,,,,,,,,,,,,
hal-davis-jewelers-boise,Hal Davis Jewelers,TRUE,921 West Jefferson Street,,83702,Boise,Idaho,United States,+1 208-343-6151,,https://haldavisjewelers-821/rswi_2848-boise-unitedstates,,,,,,,,,,,,,43.6187570,-116.2035580,,,,,,,,,,,,,,,,,,,,,,,,,,,,,,,
heller-jewelers-san-ramon,Heller Jewelers,TRUE,"6000 Bollinger Canyon Road City Center Bishop Ranch, Suite 1506",,94583,San Ramon,California,United States,+1 925-904-0200,,https://hellerjewelers-841/rswi_3432-sanramon-unitedstates,,,,,,,,,,,,,37.7620513,-121.9586024,,,,,,,,,,,,,,,,,,,,,,,,,,,,,,,
hing-wa-lee-jewelers-san-gabriel,Hing Wa Lee Jewelers,TRUE,1635 South Del Mar Avenue,,91776,San Gabriel,California,United States,+1 626-456-2222,,https://hingwaleejewelers-854/rswi_3429-sangabriel-unitedstates,,,,,,,,,,,,,34.0796410,-118.1012220,,,,,,,,,,,,,,,,,,,,,,,,,,,,,,,
hing-wa-lee-jewelers-walnut,Hing Wa Lee Jewelers,TRUE,1569 South Fairway Drive Suite #128,,91789,Walnut,California,United States,+1 909-831-8888,,https://hingwaleejewelers-854/rswi_3547-walnut-unitedstates,,,,,,,,,,,,,33.9879550,-117.8702420,,,,,,,,,,,,,,,,,,,,,,,,,,,,,,,
kerns-fine-jewelry-burlingame,Kerns Fine Jewelry,TRUE,214 Lorton Avenue,,94010,Burlingame,California,United States,+1 650-348-7557,,https://kernsfinejewelry-1104/rswi_2871-burlingame-unitedstates,,,,,,,,,,,,,37.5784160,-122.3448970,,,,,,,,,,,,,,,,,,,,,,,,,,,,,,,
kerns-fine-jewelry-san-francisco,Kerns Fine Jewelry,TRUE,255 Post Street,,94108,San Francisco,California,United States,,,https://kernsfinejewelry-1104/rswi_161261-sanfrancisco-unitedstates,,,,,,,,,,,,,37.7884600,-122.4062700,,,,,,,,,,,,,,,,,,,,,,,,,,,,,,,
larchmont-jewelers-los-angeles,Larchmont Jewelers,TRUE,119 North Larchmont Boulevard,,90004,Los Angeles,California,United States,,,https://hingwaleejewelers-854/rswi_170923-losangeles-unitedstates,,,,,,,,,,,,,34.0735700,-118.3239400,,,,,,,,,,,,,,,,,,,,,,,,,,,,,,,
leeds-son-bucherer-1888-palm-desert,Leeds & Son | Bucherer 1888,TRUE,73-670 El Paseo,,92260,Palm Desert,California,United States,+1 760 568 5266,,https://leedsson-1169/rswi_177882-palmdesert-unitedstates,,,,,,,,,,,,,33.7199600,-116.3805400,,,,,,,,,,,,,,,,,,,,,,,,,,,,,,,
lugaro-jewellers-victoria,Lugaro Jewellers,TRUE,1102 Government Street,,V8W 1Y2,Victoria,British Columbia,Canada,+1 250 382 2040,,https://lugarojewellers-1214/rswi_16018-victoria-canada,,,,,,,,,,,,,48.4251210,-123.3681045,,,,,,,,,,,,,,,,,,,,,,,,,,,,,,,
mahler-jewelers-portland,Mahler Jewelers,TRUE,590 SW 10th Avenue,,97205,Portland,Oregon,United States,+1 503-228-3111,,https://mahlerjewelers-1362/rswi_3358-portland-unitedstates,,,,,,,,,,,,,45.5205260,-122.6789760,,,,,,,,,,,,,,,,,,,,,,,,,,,,,,,
montecristo-jewellers-richmond,Montecristo Jewellers,TRUE,6551 No. 3 Rd Richmond Centre Unit 1564,,V6Y 2B6,Richmond,British Columbia,Canada,+1 604 263 3611,,https://montecristojewellers-1303/rswi_1138-richmond-canada,,,,,,,,,,,,,49.1672800,-123.1384300,,,,,,,,,,,,,,,,,,,,,,,,,,,,,,,
palladio-jewellers-vancouver,Palladio Jewellers,TRUE,900 West Hastings Street,,V6C 1E5,Vancouver,British Columbia,Canada,+1 604 685 3885,,https://palladiojewellers-1365/rswi_1140-vancouver-canada,,,,,,,,,,,,,49.2865591,-123.1164144,,,,,,,,,,,,,,,,,,,,,,,,,,,,,,,
polachecks-jewelers-calabasas,Polacheck's Jewelers,TRUE,4719 Commons Way,,91302,Calabasas,California,United States,+1 818-225-0600,,https://polachecksjewelers-29/rswi_2874-calabasas-unitedstates,,,,,,,,,,,,,34.1535950,-118.6451110,,,,,,,,,,,,,,,,,,,,,,,,,,,,,,,
rolex-boutique-bellagio-las-vegas,Rolex Boutique Bellagio,TRUE,3600 Las Vegas Boulevard South Bellagio Hotel & Casino,,89109,Las Vegas,Nevada,United States,,,https://rolexboutiquebellagio-237/rswi_182518-lasvegas-unitedstates,,,,,,,,,,,,,36.1142700,-115.1739300,,,,,,,,,,,,,,,,,,,,,,,,,,,,,,,
rolex-boutique-bucherer-costa-mesa,Rolex Boutique Bucherer,TRUE,3333 Bristol Street Suite #1219,,92626,Costa Mesa,California,United States,+1 714-241-8088,,https://rolexboutiquebucherercostamesa-24969/rswi_3755-costamesa-unitedstates,,,,,,,,,,,,,33.6902560,-117.8898800,,,,,,,,,,,,,,,,,,,,,,,,,,,,,,,
rolex-boutique-bucherer-las-vegas,Rolex Boutique Bucherer,TRUE,"3500 Las Vegas Boulevard South Forum Shops, Suite B07B",,89109,Las Vegas,Nevada,United States,+1 725-257-3180,,https://rolexboutiquebuchererforumshops-24824/rswi_19528-lasvegas-unitedstates,,,,,,,,,,,,,36.1204262,-115.1762822,,,,,,,,,,,,,,,,,,,,,,,,,,,,,,,
rolex-boutique-fourtané-san-diego,Rolex Boutique Fourtané,TRUE,"7007 Friars Road Fashion Valley Mall, Suite 398",,92108,San Diego,California,United States,+1 619-684-6014,,https://rolexboutiquefourtane-7146/rswi_18049-sandiego-unitedstates,,,,,,,,,,,,,32.7682239,-117.1668349,,,,,,,,,,,,,,,,,,,,,,,,,,,,,,,
rolex-boutique-gearys-beverly-hills,Rolex Boutique Gearys,TRUE,312 North Rodeo Drive,,90210,Beverly Hills,California,United States,+1 310-887-4200,,https://rolexboutiquegearysrodeodrive-24841/rswi_2838-beverlyhills-unitedstates,,,,,,,,,,,,,34.0697975,-118.4034882,,,,,,,,,,,,,,,,,,,,,,,,,,,,,,,
rolex-boutique-gearys-los-angeles,Rolex Boutique Gearys,TRUE,"10250 Santa Monica Boulevard Westfield Century City, Suite # 1375",,90067,Los Angeles,California,United States,+1 310-887-4100,,https://rolexboutiquegearyscenturycity-24844/rswi_4097-losangeles-unitedstates,,,,,,,,,,,,,34.0586030,-118.4190480,,,,,,,,,,,,,,,,,,,,,,,,,,,,,,,
rolex-boutique-global-watch-company-vancouver,Rolex Boutique Global Watch Company,TRUE,1088 Alberni Street,,V6E 1A3,Vancouver,British Columbia,Canada,+1 604 899 1088,,https://globalwatchcompany-5517/rswi_16180-vancouver-canada,,,,,,,,,,,,,49.2856634,-123.1242951,,,,,,,,,,,,,,,,,,,,,,,,,,,,,,,
rolex-boutique-j-licht-sons-santa-clara,Rolex Boutique J. Licht & Sons,TRUE,"2855 Stevens Creek Boulevard Valley Fair, Suite 1039",,95050,Santa Clara,California,United States,+1 408-247-1767,,https://rolexboutiquejlichtsons-6767/rswi_3440-santaclara-unitedstates,,,,,,,,,,,,,37.3230759,-121.9825745,,,,,,,,,,,,,,,,,,,,,,,,,,,,,,,
rolex-boutique-lv-luxury-las-vegas,Rolex Boutique LV Luxury,TRUE,"3720 Las Vegas Boulevard South The Shops at Crystals, Suite 122",,89158,Las Vegas,Nevada,United States,+1 702-665-8888,,https://rolexboutiquelvluxury-6684/rswi_17986-lasvegas-unitedstates,,,,,,,,,,,,,36.1077666,-115.1744648,,,,,,,,,,,,,,,,,,,,,,,,,,,,,,,
rolex-boutique-polachecks-canoga-park,Rolex Boutique Polacheck's,TRUE,6600 Topanga Canyon Boulevard Westfield Topanga,,91303,Canoga Park,California,United States,818-627-7320,,https://rolexboutiquepolacheckstopanga-24813/rswi_177843-canogapark-unitedstates,,,,,,,,,,,,,34.1910350,-118.6042595,,,,,,,,,,,,,,,,,,,,,,,,,,,,,,,
rolex-boutique-shreve-co-palo-alto,Rolex Boutique Shreve & Co.,TRUE,329 El Camino Real Stanford Shopping Center,,94304,Palo Alto,California,United States,,,https://shreveco-172/rswi_182520-paloalto-unitedstates,,,,,,,,,,,,,37.4431300,-122.1655000,,,,,,,,,,,,,,,,,,,,,,,,,,,,,,,
rolex-boutique-watches-of-switzerland-las-vegas,Rolex Boutique Watches of Switzerland,TRUE,3131 Las Vegas Boulevard South Wynn Las Vegas Suite 6,,89109,Las Vegas,Nevada,United States,+1 702-792-0667,,https://rolexboutiquewatchesofswitzerlandwynnlasvegas-24835/rswi_17252-lasvegas-unitedstates,,,,,,,,,,,,,36.1261142,-115.1666116,,,,,,,,,,,,,,,,,,,,,,,,,,,,,,,
skeies-jewelers-eugene,Skeies Jewelers,TRUE,10 Oakway Center,,97401,Eugene,Oregon,United States,+1 541-345-0354,,https://skeiesjewelers-186/rswi_3004-eugene-unitedstates,,,,,,,,,,,,,44.0661930,-123.0747010,,,,,,,,,,,,,,,,,,,,,,,,,,,,,,,
swiss-watch-gallery-brea,Swiss Watch Gallery,TRUE,1014 A Brea Mall,,92821,Brea,California,United States,+1 714-617-2700,,https://swisswatchgallery-221/rswi_17936-brea-unitedstates,,,,,,,,,,,,,33.9151769,-117.8886237,,,,,,,,,,,,,,,,,,,,,,,,,,,,,,,
the-1916-company-newport-beach,The 1916 Company,TRUE,817 Newport Center Drive Fashion Island,,92660,Newport Beach,California,United States,+1 949-721-9010,,https://the1916company-796/rswi_10661-newportbeach-unitedstates,,,,,,,,,,,,,33.6166835,-117.8785257,,,,,,,,,,,,,,,,,,,,,,,,,,,,,,,
wickersham-company-fresno,Wickersham Company,TRUE,7855 North Palm Avenue,,93711,Fresno,California,United States,+1 559-803-6521,,https://wickershamcompany-373/rswi_11581-fresno-unitedstates,,,,,,,,,,,,,36.8496908,-119.7906957,,,,,,,,,,,,,,,,,,,,,,,,,,,,,,,
bc-clark-oklahoma-city,B.C. Clark,TRUE,101 Park Avenue,,73102,Oklahoma City,Oklahoma,United States,+1 405-232-8806,,https://bcclarkjewelers-1010/rswi_3300-oklahomacity-unitedstates,,,,,,,,,,,,,35.4687340,-97.5144440,,,,,,,,,,,,,,,,,,,,,,,,,,,,,,,
bc-clark-oklahoma-city-1,B.C. Clark,TRUE,5801 NW Grand Boulevard,,73118,Oklahoma City,Oklahoma,United States,+1 405-840-1441,,https://bcclarkjewelers-1010/rswi_3302-oklahomacity-unitedstates,,,,,,,,,,,,,35.5317700,-97.5309900,,,,,,,,,,,,,,,,,,,,,,,,,,,,,,,
bachendorfs-fort-worth,Bachendorf's,TRUE,5175 Monahans Avenue The Shops at Clearfork,,76109,Fort Worth,Texas,United States,+1 817-806-0303,,https://bachendorfs-1021/rswi_17963-fortworth-unitedstates,,,,,,,,,,,,,32.7100694,-97.3992448,,,,,,,,,,,,,,,,,,,,,,,,,,,,,,,
bachendorfs-dallas,Bachendorf's,TRUE,"13350 Dallas Parkway Galleria Dallas, #1415",,75240,Dallas,Texas,United States,+1 972-392-9900,,https://bachendorfs-1021/rswi_2959-dallas-unitedstates,,,,,,,,,,,,,32.9301210,-96.8209540,,,,,,,,,,,,,,,,,,,,,,,,,,,,,,,
ben-bridge-jeweler-lone-tree,Ben Bridge Jeweler,TRUE,"8505 Park Meadows Center Drive Park Meadows Center, Suite 2076",,80124,Lone Tree,Colorado,United States,+1 303-706-1814,,https://benbridgejeweler-1342/rswi_3183-lonetree-unitedstates,,,,,,,,,,,,,39.5628980,-104.8726720,,,,,,,,,,,,,,,,,,,,,,,,,,,,,,,
ben-bridge-jeweler-tucson,Ben Bridge Jeweler,TRUE,"2905 East Skyline Drive La Encantada Shopping Center, Space #149",,85718,Tucson,Arizona,United States,+1 520-690-9115,,https://benbridgejeweler-1342/rswi_3519-tucson-unitedstates,,,,,,,,,,,,,32.3247418,-110.9301132,,,,,,,,,,,,,,,,,,,,,,,,,,,,,,,
betteridge-jewelers-vail,Betteridge Jewelers,TRUE,141 East Meadow Drive,,81657,Vail,Colorado,United States,,,https://betteridgejewelers-107/rswi_133076-vail-unitedstates,,,,,,,,,,,,,39.6426777,-106.3755695,,,,,,,,,,,,,,,,,,,,,,,,,,,,,,,
brockhaus-jewelers-norman,Brockhaus Jewelers,TRUE,1905 24th Avenue NW,,73069,Norman,Oklahoma,United States,+14053494172,,https://brockhausjewelry-465/rswi_180989-norman-unitedstates,,,,,,,,,,,,,35.2390000,-97.4822200,,,,,,,,,,,,,,,,,,,,,,,,,,,,,,,
coffin-trout-jewelers-chandler,Coffin & Trout Jewelers,TRUE,"7131 West Ray Road Casa Paloma Plaza, Suite 18",,85226,Chandler,Arizona,United States,+1 480-763-1300,,https://coffintroutjewelers-539/rswi_2894-chandler-unitedstates,,,,,,,,,,,,,33.3197830,-111.9656150,,,,,,,,,,,,,,,,,,,,,,,,,,,,,,,
david-gardners-college-station,David Gardner's,TRUE,911 University Drive East,,77840,College Station,Texas,United States,+1 979-268-0800,,https://davidgardnersjewelersgemologist-578/rswi_2933-collegestation-unitedstates,,,,,,,,,,,,,30.6351050,-96.3253710,,,,,,,,,,,,,,,,,,,,,,,,,,,,,,,
deutsch-deutsch-el-paso,Deutsch & Deutsch,TRUE,"8889 Gateway Boulevard West, Suite 1840",,79925,El Paso,Texas,United States,+1 915-730-6162,,https://deutschdeutsch-597/rswi_12383-elpaso-unitedstates,,,,,,,,,,,,,31.7702490,-106.3713650,,,,,,,,,,,,,,,,,,,,,,,,,,,,,,,
diamond-cellar-tulsa,Diamond Cellar,TRUE,1523 East 15th Street,,74120,Tulsa,Oklahoma,United States,+1 918-749-1700,,https://diamondcellar-245/rswi_3526-tulsa-unitedstates,,,,,,,,,,,,,36.1407686,-95.9711196,,,,,,,,,,,,,,,,,,,,,,,,,,,,,,,
eiseman-jewels-dallas,Eiseman Jewels,TRUE,"8687 North Central Expressway NorthPark Center, Suite #514",,75225,Dallas,Texas,United States,+1 214-369-6100,,https://eisemanjewels-624/rswi_2962-dallas-unitedstates,,,,,,,,,,,,,32.8688310,-96.7707400,,,,,,,,,,,,,,,,,,,,,,,,,,,,,,,
goldsmith-gallery-jewelers-billings,Goldsmith Gallery Jewelers,TRUE,903 Shiloh Crossing Blvd.,,59102,Billings,Montana,United States,+1 406-252-3662,,https://goldsmithgalleryjewelersinc-788/rswi_4024-billings-unitedstates,,,,,,,,,,,,,45.7523529,-108.6151773,,,,,,,,,,,,,,,,,,,,,,,,,,,,,,,
gundersons-jewelers-fargo,Gunderson's Jewelers,TRUE,5601 28th Avenue South,,58104,Fargo,North Dakota,United States,+1 701-532-3020,,https://gundersons-811/rswi_18403-fargo-unitedstates,,,,,,,,,,,,,46.8387719,-96.8800400,,,,,,,,,,,,,,,,,,,,,,,,,,,,,,,
gundersons-jewelers-omaha,Gunderson's Jewelers,TRUE,102 N 145th Street Heartwood Preserve,,68154,Omaha,Nebraska,United States,+1 402-935-6332,,https://gundersons-811/rswi_12064-omaha-unitedstates,,,,,,,,,,,,,41.2592931,-96.1416503,,,,,,,,,,,,,,,,,,,,,,,,,,,,,,,
hamra-jewelers-scottsdale,Hamra Jewelers,TRUE,15620 North Scottsdale Road,,85254,Scottsdale,Arizona,United States,+1 480-946-5110,,https://hamrajewelers-826/rswi_3454-scottsdale-unitedstates,,,,,,,,,,,,,33.6266650,-111.9254610,,,,,,,,,,,,,,,,,,,,,,,,,,,,,,,
independent-jewellers-winnipeg,Independent Jewellers,TRUE,493 Notre Dame Avenue,,R3B 1R8,Winnipeg,Manitoba,Canada,+1 204 774 5544,,https://independentjewellers-884/rswi_1144-winnipeg-canada,,,,,,,,,,,,,49.8993567,-97.1519156,,,,,,,,,,,,,,,,,,,,,,,,,,,,,,,
korman-austin,KORMAN,TRUE,2901 North Lamar Boulevard,,78705,Austin,Texas,United States,+1 512-451-9292,,https://kormanfinejewelry-1389/rswi_5012-austin-unitedstates,,,,,,,,,,,,,30.2982159,-97.7479863,,,,,,,,,,,,,,,,,,,,,,,,,,,,,,,
kelley-jewelers-weatherford,Kelley Jewelers,TRUE,"107 West Main Street, P.O. Box 689",,73096,Weatherford,Oklahoma,United States,+1 580-772-3113,,https://kelleyjewelers-1102/rswi_3560-weatherford-unitedstates,,,,,,,,,,,,,35.5260470,-98.7078480,,,,,,,,,,,,,,,,,,,,,,,,,,,,,,,
lee-michaels-fine-jewelry-albuquerque,Lee Michaels Fine Jewelry,TRUE,"2201 Q Street NE ABQ Uptown, Suite 9F",,87110,Albuquerque,New Mexico,United States,+1 505-208-4500,,https://leemichaelsfinejewelers-1166/rswi_17858-albuquerque-unitedstates,,,,,,,,,,,,,35.1024226,-106.5676745,,,,,,,,,,,,,,,,,,,,,,,,,,,,,,,
meridian-jewelers-aspen,Meridian Jewelers,TRUE,525 East Cooper Avenue,,81611,Aspen,Colorado,United States,+1 970-925-3833,,https://meridianjewelers-1280/rswi_2796-aspen-unitedstates,,,,,,,,,,,,,39.1879720,-106.8185430,,,,,,,,,,,,,,,,,,,,,,,,,,,,,,,
oc-tanner-park-city,O.C. Tanner,TRUE,416 Main Street,,84060,Park City,Utah,United States,+1 435-940-9470,,https://octanner-1345/rswi_3329-parkcity-unitedstates,,,,,,,,,,,,,40.6434594,-111.4954480,,,,,,,,,,,,,,,,,,,,,,,,,,,,,,,
oc-tanner-salt-lake-city,O.C. Tanner,TRUE,15 South State Street,,84111,Salt Lake City,Utah,United States,+1 801-532-3222,,https://octanner-1345/rswi_3413-saltlakecity-unitedstates,,,,,,,,,,,,,40.7687690,-111.8876840,,,,,,,,,,,,,,,,,,,,,,,,,,,,,,,
rolex-boutique-bachendorfs-dallas,Rolex Boutique Bachendorf's,TRUE,85A Highland Park Village,,75205,Dallas,Texas,United States,+1 214-354-1800,,https://rolexboutiquebachendorfsdallas-24832/rswi_107749-dallas-unitedstates,,,,,,,,,,,,,32.8359100,-96.8057300,,,,,,,,,,,,,,,,,,,,,,,,,,,,,,,
the-1916-company-denver,The 1916 Company,TRUE,"3000 East 1st Avenue Cherry Creek Shopping Center, Suite 243",,80206,Denver,Colorado,United States,303-557-4179,,https://the1916company-796/rswi_2970-denver-unitedstates,,,,,,,,,,,,,39.7180560,-104.9521790,,,,,,,,,,,,,,,,,,,,,,,,,,,,,,,
the-1916-company-scottsdale,The 1916 Company,TRUE,"7014 East Camelback Road Scottsdale Fashion Square, Suite #1092",,85251,Scottsdale,Arizona,United States,+1 602-667-3541,,https://the1916company-796/rswi_3338-scottsdale-unitedstates,,,,,,,,,,,,,33.5028995,-111.9294805,,,,,,,,,,,,,,,,,,,,,,,,,,,,,,,
thomas-markle-jewelers-the-woodlands,Thomas Markle Jewelers,TRUE,9595 Six Pines Drive Suite 1170,,77380,The Woodlands,Texas,United States,+1 281-363-2400,,https://thomasmarklejewelers-270/rswi_4037-thewoodlands-unitedstates,,,,,,,,,,,,,30.1642940,-95.4614420,,,,,,,,,,,,,,,,,,,,,,,,,,,,,,,
walters-hogsett-jewelers-boulder,Walters & Hogsett Jewelers,TRUE,2425 Canyon Boulevard Suite J,,80302,Boulder,Colorado,United States,+1 303-449-2626,,https://waltershogsettjewelers-353/rswi_2853-boulder-unitedstates,,,,,,,,,,,,,40.0174760,-105.2626690,,,,,,,,,,,,,,,,,,,,,,,,,,,,,,,
watches-of-switzerland-plano,Watches of Switzerland,TRUE,7500 Windrose Avenue Suite B190,,75024,Plano,Texas,United States,+1 214-494-4241,,https://watchesofswitzerland-6188/rswi_132176-plano-unitedstates,,,,,,,,,,,,,33.0833077,-96.8251348,,,,,,,,,,,,,,,,,,,,,,,,,,,,,,,
williams-jewelers-of-englewood-englewood,Williams Jewelers of Englewood,TRUE,5095 South Broadway,,80113,Englewood,Colorado,United States,+1 303-761-9700,,https://williamsjewelersenglewood-5927/rswi_2998-englewood-unitedstates,,,,,,,,,,,,,39.6244870,-104.9881471,,,,,,,,,,,,,,,,,,,,,,,,,,,,,,,
zadok-jewelers-austin,Zadok Jewelers,TRUE,11501 Century Oak Terrace Suite 141,,78758,Austin,Texas,United States,,,https://zadokjewelers-5888/rswi_170921-austin-unitedstates,,,,,,,,,,,,,30.4020200,-97.7256500,,,,,,,,,,,,,,,,,,,,,,,,,,,,,,,
ar-morris-greenville,A.R. Morris,TRUE,3848 Kennett Pike,,19807,Greenville,Delaware,United States,+1 302-777-4367,,https://armorrisjewelers-1282/rswi_4039-greenville-unitedstates,,,,,,,,,,,,,39.7753162,-75.5953298,,,,,,,,,,,,,,,,,,,,,,,,,,,,,,,
alexanders-jewelers-texarkana,Alexander's Jewelers,TRUE,3701 Mall Drive,,75501,Texarkana,Texas,United States,+1 903-832-3557,,https://alexandersjewelers-595/rswi_3505-texarkana-unitedstates,,,,,,,,,,,,,33.4621170,-94.0720260,,,,,,,,,,,,,,,,,,,,,,,,,,,,,,,
alson-jewelers-cleveland,Alson Jewelers,TRUE,28149 Chagrin Boulevard,,44122,Cleveland,Ohio,United States,+1 216-464-6767,,https://alsonjewelers-3041/rswi_10942-cleveland-unitedstates,,,,,,,,,,,,,41.4627464,-81.4794851,,,,,,,,,,,,,,,,,,,,,,,,,,,,,,,
alters-gem-jewelry-beaumont,Alter's Gem Jewelry,TRUE,3155 Dowlen Road,,77706,Beaumont,Texas,United States,+1 409-861-3005,,https://altersgemjewelry-640/rswi_2827-beaumont-unitedstates,,,,,,,,,,,,,30.1071810,-94.1685600,,,,,,,,,,,,,,,,,,,,,,,,,,,,,,,
antons-fine-jewelry-baton-rouge,Anton's Fine Jewelry,TRUE,10675 Coursey Boulevard,,70816,Baton Rouge,Louisiana,United States,+1 225-291-1919,,https://antonsfinejewelry-803/rswi_2822-batonrouge-unitedstates,,,,,,,,,,,,,30.4159890,-91.0628280,,,,,,,,,,,,,,,,,,,,,,,,,,,,,,,
benari-jewelers-newtown-square,Benari Jewelers,TRUE,100 Squire Drive,,19073,Newtown Square,Pennsylvania,United States,+1 610-355-1800,,https://benarijewelers-1373/rswi_3008-newtownsquare-unitedstates,,,,,,,,,,,,,39.9864919,-75.3997619,,,,,,,,,,,,,,,,,,,,,,,,,,,,,,,
benari-jewelers-exton,Benari Jewelers,TRUE,299 Main Street,,19341,Exton,Pennsylvania,United States,+1 610-363-8450,,https://benarijewelers-1373/rswi_4132-exton-unitedstates,,,,,,,,,,,,,40.0227134,-75.6276687,,,,,,,,,,,,,,,,,,,,,,,,,,,,,,,
blakemans-fine-jewelry-rogers,Blakeman's Fine Jewelry,TRUE,3202 Pinnacle Hills Parkway Suite 103,,72758,Rogers,Arkansas,United States,+1 479-845-0088,,https://blakemansfinejewelry-247/rswi_3392-rogers-unitedstates,,,,,,,,,,,,,36.3059780,-94.1868440,,,,,,,,,,,,,,,,,,,,,,,,,,,,,,,
brent-l-miller-jewelers-goldsmiths-lancaster,Brent L. Miller Jewelers & Goldsmiths,TRUE,1600 Manheim Pike,,17601,Lancaster,Pennsylvania,United States,+1 717-569-5450,,https://brentlmillerjewelersgoldsmiths-6946/rswi_18489-lancaster-unitedstates,,,,,,,,,,,,,40.0810137,-76.3403812,,,,,,,,,,,,,,,,,,,,,,,,,,,,,,,
bromberg-company-mountain-brook,Bromberg & Company,TRUE,2800 Cahaba Road,,35223,Mountain Brook,Alabama,United States,+1 205-871-3276,,https://brombergs-475/rswi_3248-mountainbrook-unitedstates,,,,,,,,,,,,,33.4829150,-86.7733820,,,,,,,,,,,,,,,,,,,,,,,,,,,,,,,
bromberg-company-birmingham,Bromberg & Company,TRUE,131 Summit Boulevard,,35243,Birmingham,Alabama,United States,+1 205-969-1776,,https://brombergs-475/rswi_2840-birmingham-unitedstates,,,,,,,,,,,,,33.4458330,-86.7331910,,,,,,,,,,,,,,,,,,,,,,,,,,,,,,,
brown-company-atlanta,Brown & Company,TRUE,3005 Bolling Way,,30305,Atlanta,Georgia,United States,+1 404-814-9800,,https://brownco-476/rswi_11846-atlanta-unitedstates,,,,,,,,,,,,,33.8423410,-84.3726450,,,,,,,,,,,,,,,,,,,,,,,,,,,,,,,
bucherer-1888-arlington,Bucherer 1888,TRUE,"1100 South Hayes St, Space J03, Fashion Centre @ Pentagon City",,22202,Arlington,Virginia,United States,+1 703-414-8463,,https://tourneaubucherer-295/rswi_2791-arlington-unitedstates,,,,,,,,,,,,,38.8635190,-77.0594250,,,,,,,,,,,,,,,,,,,,,,,,,,,,,,,
bucherer-1888-king-of-prussia,Bucherer 1888,TRUE,160 North Gulph Road Plaza at King of Prussia,,19406,King of Prussia,Pennsylvania,United States,+1 610-491-8801,,https://tourneaubucherer-295/rswi_4168-kingofprussia-unitedstates,,,,,,,,,,,,,40.0856560,-75.3920890,,,,,,,,,,,,,,,,,,,,,,,,,,,,,,,
cd-peacock-oak-brook,CD Peacock,TRUE,298 Oakbrook Center,,60523,Oak Brook,Illinois,United States,+1 630-571-5355,,https://cdpeacock-494/rswi_3294-oakbrook-unitedstates,,,,,,,,,,,,,41.8493490,-87.9565560,,,,,,,,,,,,,,,,,,,,,,,,,,,,,,,
christophers-fine-jewelry-pawleys-island,Christopher's Fine Jewelry,TRUE,11412 Ocean Highway,,29585,Pawleys Island,South Carolina,United States,+1 843-237-3773,,https://christophersfinejewelry-527/rswi_3332-pawleysisland-unitedstates,,,,,,,,,,,,,33.4495564,-79.1185993,,,,,,,,,,,,,,,,,,,,,,,,,,,,,,,
clarkes-jewelers-shreveport,Clarkes Jewelers,TRUE,4847 Line Avenue,,71106,Shreveport,Louisiana,United States,+1 318-865-5658,,https://clarkesjewelers-536/rswi_3462-shreveport-unitedstates,,,,,,,,,,,,,32.4582930,-93.7460480,,,,,,,,,,,,,,,,,,,,,,,,,,,,,,,
clarkson-jewelers-ellisville,Clarkson Jewelers,TRUE,1306 Clarkson Clayton Center,,63011,Ellisville,Missouri,United States,+1 636-227-2006,,https://clarksonjewelers-537/rswi_2996-ellisville-unitedstates,,,,,,,,,,,,,38.6037473,-90.5861509,,,,,,,,,,,,,,,,,,,,,,,,,,,,,,,
david-fairclough-fine-jewelers-toledo,David Fairclough Fine Jewelers,TRUE,7141 West Central Avenue,,43617,Toledo,Ohio,United States,+1 419-843-8887,,https://davidfaircloughfinejewelers-577/rswi_3512-toledo-unitedstates,,,,,,,,,,,,,41.6737340,-83.7150040,,,,,,,,,,,,,,,,,,,,,,,,,,,,,,,
davis-jewelers-louisville,Davis Jewelers,TRUE,9901 Forest Green Boulevard,,40223,Louisville,Kentucky,United States,+1 502-212-0420,,https://davisjewelers-587/rswi_3191-louisville-unitedstates,,,,,,,,,,,,,38.2628490,-85.5744740,,,,,,,,,,,,,,,,,,,,,,,,,,,,,,,
diamond-cellar-nashville,Diamond Cellar,TRUE,3805 Green Hills Village Drive,,37215,Nashville,Tennessee,United States,1 615 610 7656,,https://diamondcellar-245/rswi_19398-nashville-unitedstates,,,,,,,,,,,,,36.1086000,-86.8162720,,,,,,,,,,,,,,,,,,,,,,,,,,,,,,,
diamond-cellar-columbus,Diamond Cellar,TRUE,3960 New Bond Street,,43219,Columbus,Ohio,United States,+1 614-923-6633,,https://diamondcellar-245/rswi_2943-columbus-unitedstates,,,,,,,,,,,,,40.0531474,-82.9168868,,,,,,,,,,,,,,,,,,,,,,,,,,,,,,,
drenon-jewelry-company-independence,Drenon Jewelry Company,TRUE,3727 South Bolger Road,,64055,Independence,Missouri,United States,+1 816-252-8844,,https://drenonjewelrycompany-613/rswi_3110-independence-unitedstates,,,,,,,,,,,,,39.0499944,-94.3681157,,,,,,,,,,,,,,,,,,,,,,,,,,,,,,,
exclusively-diamonds-mankato,Exclusively Diamonds,TRUE,1601 Adams Street,,56001,Mankato,MN,United States,+1 507-345-1658,,https://exclusivelydiamonds-649/rswi_3204-mankato-unitedstates,,,,,,,,,,,,,44.1696248,-93.9625362,,,,,,,,,,,,,,,,,,,,,,,,,,,,,,,
finks-jewelers-virginia-beach,Fink's Jewelers,TRUE,1612 Laskin Road Suite 776,,23451,Virginia Beach,Virginia,United States,+1 757-640-1132,,https://finksjewelers-673/rswi_3285-virginiabeach-unitedstates,,,,,,,,,,,,,36.8526627,-76.0196422,,,,,,,,,,,,,,,,,,,,,,,,,,,,,,,
finks-jewelers-raleigh,Fink's Jewelers,TRUE,4321 Lassiter at North Hills Suite 110,,27609,Raleigh,North Carolina,United States,+1 919-881-8247,,https://finksjewelers-673/rswi_3367-raleigh-unitedstates,,,,,,,,,,,,,35.8372438,-78.6433312,,,,,,,,,,,,,,,,,,,,,,,,,,,,,,,
finks-jewelers-richmond,Fink's Jewelers,TRUE,12130 West Broad Street,,23233,Richmond,Virginia,United States,+1 804-377-8589,,https://finksjewelers-673/rswi_3378-richmond-unitedstates,,,,,,,,,,,,,37.6588512,-77.6331609,,,,,,,,,,,,,,,,,,,,,,,,,,,,,,,
finks-jewelers-roanoke,Fink's Jewelers,TRUE,3545 Electric Road at Colonial Avenue,,24018,Roanoke,Virginia,United States,+1 540-342-2991,,https://finksjewelers-673/rswi_3386-roanoke-unitedstates,,,,,,,,,,,,,37.2266090,-79.9988520,,,,,,,,,,,,,,,,,,,,,,,,,,,,,,,
finks-jewelers-durham,Fink's Jewelers,TRUE,"6910 Fayetteville Road The Streets at Southpoint, Suite #160",,27713,Durham,North Carolina,United States,+1 919-281-8407,,https://finksjewelers-673/rswi_16580-durham-unitedstates,,,,,,,,,,,,,35.9034513,-78.9431065,,,,,,,,,,,,,,,,,,,,,,,,,,,,,,,
finks-jewelers-huntersville,Fink's Jewelers,TRUE,16745 Birkdale Commons Parkway Unit 2,,28078,Huntersville,North Carolina,United States,+1 704-927-4888,,https://finksjewelers-673/rswi_2902-huntersville-unitedstates,,,,,,,,,,,,,35.4449507,-80.8816549,,,,,,,,,,,,,,,,,,,,,,,,,,,,,,,
finks-jewelers-charlotte,Fink's Jewelers,TRUE,"4400 Sharon Road SouthPark Mall, Suite 199",,28211,Charlotte,North Carolina,United States,+1 704-366-3120,,https://finksjewelers-673/rswi_2903-charlotte-unitedstates,,,,,,,,,,,,,35.1485100,-80.8308500,,,,,,,,,,,,,,,,,,,,,,,,,,,,,,,
finks-jewelers-chattanooga,Fink's Jewelers,TRUE,1950 Gunbarrel Road,,37421,Chattanooga,Tennessee,United States,+1 423-894-1188,,https://finksjewelers-673/rswi_2909-chattanooga-unitedstates,,,,,,,,,,,,,35.0131520,-85.2118940,,,,,,,,,,,,,,,,,,,,,,,,,,,,,,,
finks-jewelers-franklin,Fink's Jewelers,TRUE,5019 Aspen Grove Drive,,37067,Franklin,Tennessee,United States,+1 615-236-8176,,https://finksjewelers-673/rswi_139279-franklin-unitedstates,,,,,,,,,,,,,35.9371000,-86.8267400,,,,,,,,,,,,,,,,,,,,,,,,,,,,,,,
flora-gems-decatur,Flora Gems,TRUE,101 North Water Street,,62523,Decatur,Illinois,United States,+1 217-429-4111,,https://floragems-675/rswi_2968-decatur-unitedstates,,,,,,,,,,,,,39.8415050,-88.9543920,,,,,,,,,,,,,,,,,,,,,,,,,,,,,,,
floyd-green-aiken,Floyd & Green,TRUE,515 Silver Bluff Road,,29803,Aiken,South Carolina,United States,+1 803-649-6005,,https://floydgreen-677/rswi_2765-aiken-unitedstates,,,,,,,,,,,,,33.5174620,-81.7282620,,,,,,,,,,,,,,,,,,,,,,,,,,,,,,,
grunos-diamonds-madison,Gruno's Diamonds,TRUE,7311 West Towne Way,,53719,Madison,Wisconsin,United States,+1 608-829-1525,,https://grunosdiamonds-807/rswi_14058-madison-unitedstates,,,,,,,,,,,,,43.0574714,-89.5118728,,,,,,,,,,,,,,,,,,,,,,,,,,,,,,,
hales-jewelers-greenville,Hale's Jewelers,TRUE,761 Verdae Boulevard,,29607,Greenville,South Carolina,United States,+1 864-297-5600,,https://halesjewelers-822/rswi_3067-greenville-unitedstates,,,,,,,,,,,,,34.8285774,-82.3205141,,,,,,,,,,,,,,,,,,,,,,,,,,,,,,,
henne-jewelers-pittsburgh,Henne Jewelers,TRUE,5501 Walnut Street,,15232,Pittsburgh,Pennsylvania,United States,+1 412-682-0226,,https://hennejewelers-843/rswi_3344-pittsburgh-unitedstates,,,,,,,,,,,,,40.4511860,-79.9338200,,,,,,,,,,,,,,,,,,,,,,,,,,,,,,,
howard-fine-jewellers-custom-designers-ottawa,Howard Fine Jewellers & Custom Designers,TRUE,1 Rideau Street Fairmont Chateau Laurier,,K1N 8S7,Ottawa,Ontario,Canada,+1 613 238 3300,,https://howardfinejewellerscustomdesigners-865/rswi_1129-ottawa-canada,,,,,,,,,,,,,45.4257800,-75.6953000,,,,,,,,,,,,,,,,,,,,,,,,,,,,,,,
humbertown-jewellers-toronto,Humbertown Jewellers,TRUE,270 The Kingsway Humbertown Shopping Centre,,M9A 3T7,Toronto,Ontario,Canada,+1 416 234 1600,,https://humbertownjewellers-873/rswi_1116-toronto-canada,,,,,,,,,,,,,43.6621810,-79.5189720,,,,,,,,,,,,,,,,,,,,,,,,,,,,,,,
jack-lewis-jewelers-bloomington,Jack Lewis Jewelers,TRUE,3011 Galena Road,,61704,Bloomington,Illinois,United States,+1 309-663-0538,,https://jacklewis-908/rswi_2842-bloomington-unitedstates,,,,,,,,,,,,,40.4841450,-88.9521590,,,,,,,,,,,,,,,,,,,,,,,,,,,,,,,
james-sons-naperville,James & Sons,TRUE,110 South Washington Street,,60540,Naperville,Illinois,United States,630-281-5900,,https://jamessonsfinejewelers-915/rswi_107628-naperville-unitedstates,,,,,,,,,,,,,41.7736700,-88.1473600,,,,,,,,,,,,,,,,,,,,,,,,,,,,,,,
james-sons-orland-park,James & Sons,TRUE,14205 South LaGrange Road,,60462,Orland Park,Illinois,United States,+1 708-226-0800,,https://jamessonsfinejewelers-915/rswi_3309-orlandpark-unitedstates,,,,,,,,,,,,,41.6132250,-87.8533860,,,,,,,,,,,,,,,,,,,,,,,,,,,,,,,
james-free-jewelers-dayton,James Free Jewelers,TRUE,3100 Far Hills Avenue,,45429,Dayton,Ohio,United States,+1 937-298-0171,,https://jamesfreejewelers-917/rswi_2964-dayton-unitedstates,,,,,,,,,,,,,39.7023580,-84.1701850,,,,,,,,,,,,,,,,,,,,,,,,,,,,,,,
jewelers-trade-shop-pensacola,Jewelers Trade Shop,TRUE,26 Palafox Place,,32502,Pensacola,Florida,United States,+1 850-432-4433,,https://jewelerstradeshop-928/rswi_3334-pensacola-unitedstates,,,,,,,,,,,,,30.4124480,-87.2152800,,,,,,,,,,,,,,,,,,,,,,,,,,,,,,,
joseph-anthony-windsor,Joseph-Anthony,TRUE,100 Eugenie Street West,,N8X 4Y6,Windsor,Ontario,Canada,+1 519 966 6906,,https://josephanthony-942/rswi_1143-windsor-canada,,,,,,,,,,,,,42.2861820,-83.0190450,,,,,,,,,,,,,,,,,,,,,,,,,,,,,,,
josephs-jewelers-west-des-moines,Josephs Jewelers,TRUE,5425 Mills Civic Parkway,,50266,West Des Moines,Iowa,United States,+1 515-440-2991,,https://josephsjewelers-944/rswi_3567-westdesmoines-unitedstates,,,,,,,,,,,,,41.5592630,-93.7805870,,,,,,,,,,,,,,,,,,,,,,,,,,,,,,,
knar-jewellery-oakville,Knar Jewellery,TRUE,321 Cornwall Road Olde Oakville Marketplace,,L6J 7Z5,Oakville,Ontario,Canada,+1 905 815 8777,,https://knarjewellery-1123/rswi_1128-oakville-canada,,,,,,,,,,,,,43.4568170,-79.6779790,,,,,,,,,,,,,,,,,,,,,,,,,,,,,,,
kranichs-jewelers-altoona,Kranich's Jewelers,TRUE,515 East Plank Road,,16602,Altoona,Pennsylvania,United States,+1 814-944-5454,,https://kranichsjewelers-1129/rswi_2777-altoona-unitedstates,,,,,,,,,,,,,40.4794549,-78.4029932,,,,,,,,,,,,,,,,,,,,,,,,,,,,,,,
la-différence-time-centre-markham,La Différence Time Centre,TRUE,#101 180 Enterprise Boulevard,,L6G 1B3,Markham,Ontario,Canada,+1 905 771 9111,,https://ladifferencetimecentre-1137/rswi_3996-markham-canada,,,,,,,,,,,,,43.8500940,-79.3235738,,,,,,,,,,,,,,,,,,,,,,,,,,,,,,,
lee-michaels-fine-jewelry-lafayette,Lee Michaels Fine Jewelry,TRUE,4235 Ambassador Caffery Parkway,,70508,Lafayette,Louisiana,United States,+1 337-981-8071,,https://leemichaelsfinejewelers-1166/rswi_3151-lafayette-unitedstates,,,,,,,,,,,,,30.1605730,-92.0533768,,,,,,,,,,,,,,,,,,,,,,,,,,,,,,,
lee-michaels-fine-jewelry-metairie,Lee Michaels Fine Jewelry,TRUE,3020 North Causeway Boulevard,,70002,Metairie,Louisiana,United States,+1 504-832-0000,,https://leemichaelsfinejewelers-1166/rswi_3219-metairie-unitedstates,,,,,,,,,,,,,30.0071384,-90.1557037,,,,,,,,,,,,,,,,,,,,,,,,,,,,,,,
lee-michaels-fine-jewelry-baton-rouge,Lee Michaels Fine Jewelry,TRUE,7560 Corporate Boulevard,,70809,Baton Rouge,Louisiana,United States,+1 225-926-4644,,https://leemichaelsfinejewelers-1166/rswi_2824-batonrouge-unitedstates,,,,,,,,,,,,,30.4306180,-91.1113480,,,,,,,,,,,,,,,,,,,,,,,,,,,,,,,
lenkersdorfer-mc-lean,Lenkersdorfer,TRUE,8053 Tysons Corner Center,,22102,Mc Lean,Virginia,United States,+1 703-506-6712,,https://lenkersdorfer-1171/rswi_3211-mclean-unitedstates,,,,,,,,,,,,,38.9151900,-77.2225610,,,,,,,,,,,,,,,,,,,,,,,,,,,,,,,
liljenquist-beckstead-mc-lean,Liljenquist & Beckstead,TRUE,"2001 International Drive Galleria at Tysons II, Suite 1798M",,22102,Mc Lean,Virginia,United States,+1 703-448-6731,,https://liljenquistbeckstead-1192/rswi_3212-mclean-unitedstates,,,,,,,,,,,,,38.9228990,-77.2262530,,,,,,,,,,,,,,,,,,,,,,,,,,,,,,,
liljenquist-beckstead-bethesda,Liljenquist & Beckstead,TRUE,7101 Democracy Boulevard Montgomery Mall Suite 2402,,20817,Bethesda,Maryland,United States,+1 301-469-7575,,https://liljenquistbeckstead-1192/rswi_2836-bethesda-unitedstates,,,,,,,,,,,,,39.0224210,-77.1484520,,,,,,,,,,,,,,,,,,,,,,,,,,,,,,,
loring-company-huntsville,Loring & Company,TRUE,800 Airport Road,,35802,Huntsville,Alabama,United States,+1 256-880-1909,,https://loringco-1206/rswi_3106-huntsville-unitedstates,,,,,,,,,,,,,34.6911800,-86.5742020,,,,,,,,,,,,,,,,,,,,,,,,,,,,,,,
louis-anthony-jewelers-pittsburgh,Louis Anthony Jewelers,TRUE,"1775 North Highland Road Norman Centre II,",,15241,Pittsburgh,Pennsylvania,United States,+1 412-854-0310,,https://louisanthonyjewelers-1208/rswi_3342-pittsburgh-unitedstates,,,,,,,,,,,,,40.3491904,-80.0530443,,,,,,,,,,,,,,,,,,,,,,,,,,,,,,,
lucido-fine-jewelry-of-rochester-rochester,Lucido Fine Jewelry of Rochester,TRUE,312 South Main Street,,48307,Rochester,MI,United States,+1 248-402-0300,,https://lucidofinejewelry-1212/rswi_3387-rochester-unitedstates,,,,,,,,,,,,,42.6801220,-83.1333050,,,,,,,,,,,,,,,,,,,,,,,,,,,,,,,
lucido-fine-jewelry-sterling-heights,Lucido Fine Jewelry,TRUE,42825 Schoenherr Road,,48313,Sterling Heights,MI,United States,+1 586-997-0011,,https://lucidofinejewelry-1212/rswi_3486-sterlingheights-unitedstates,,,,,,,,,,,,,42.6091790,-82.9923270,,,,,,,,,,,,,,,,,,,,,,,,,,,,,,,
lucido-fine-jewelry-birmingham,Lucido Fine Jewelry,TRUE,250 North Old Woodward Avenue,,48009,Birmingham,MI,United States,+1 248-723-7880,,https://lucidofinejewelry-1212/rswi_15442-birmingham-unitedstates,,,,,,,,,,,,,42.5476971,-83.2144665,,,,,,,,,,,,,,,,,,,,,,,,,,,,,,,
mp-demetre-jewelers-charleston,M.P. Demetre Jewelers,TRUE,253 King Street,,29401,Charleston,South Carolina,United States,+1 843-722-2073,,https://mpdemetrejewelers-1232/rswi_2896-charleston-unitedstates,,,,,,,,,,,,,32.7817930,-79.9336210,,,,,,,,,,,,,,,,,,,,,,,,,,,,,,,
maxon-fine-jewelry-springfield,Maxon Fine Jewelry,TRUE,2850 East Battlefield Suite 100,,65804,Springfield,Missouri,United States,+1 417-887-1800,,https://maxon-1264/rswi_3479-springfield-unitedstates,,,,,,,,,,,,,37.1584805,-93.2388023,,,,,,,,,,,,,,,,,,,,,,,,,,,,,,,
mayors-jewelers-jacksonville,Mayors Jewelers,TRUE,"4834 River City Drive St. Johns Town Center, Suite 119",,32246,Jacksonville,Florida,United States,+1 904-564-1972,,https://mayorsjewelers-1265/rswi_3746-jacksonville-unitedstates,,,,,,,,,,,,,30.2529719,-81.5249741,,,,,,,,,,,,,,,,,,,,,,,,,,,,,,,
mayors-jewelers-alpharetta,Mayors Jewelers,TRUE,5155 Avalon Boulevard,,30009,Alpharetta,Georgia,United States,+1 770-667-1887,,https://mayorsjewelers-1265/rswi_2775-alpharetta-unitedstates,,,,,,,,,,,,,34.0505610,-84.2914310,,,,,,,,,,,,,,,,,,,,,,,,,,,,,,,
mccaskill-company-fine-jewelry-destin,McCaskill & Company Fine Jewelry,TRUE,13390 Highway 98 West,,32550,Destin,Florida,United States,+1 850-650-2262,,https://mccaskillcompanyfinejewelry-1266/rswi_3232-destin-unitedstates,,,,,,,,,,,,,30.3860247,-86.3940215,,,,,,,,,,,,,,,,,,,,,,,,,,,,,,,
medawar-fine-jewelry-flint,Medawar Fine Jewelry,TRUE,3093 South Linden Road,,48507,Flint,MI,United States,+1 810-733-7778,,https://medawarfinejewelry-1269/rswi_3018-flint-unitedstates,,,,,,,,,,,,,42.9842820,-83.7722430,,,,,,,,,,,,,,,,,,,,,,,,,,,,,,,
meierotto-jewelers-north-kansas-city,Meierotto Jewelers,TRUE,1900 Diamond Parkway,,64116,North Kansas City,Missouri,United States,+1 816-453-1111,,https://meierottojewelers-1272/rswi_3134-northkansascity-unitedstates,,,,,,,,,,,,,39.1435920,-94.5596344,,,,,,,,,,,,,,,,,,,,,,,,,,,,,,,
merkley-kendrick-jewelers-louisville,Merkley Kendrick Jewelers,TRUE,138 Chenoweth Lane,,40207,Louisville,Kentucky,United States,+1 502-895-6124,,https://merkleykendrickjewelers-1283/rswi_3192-louisville-unitedstates,,,,,,,,,,,,,38.2549280,-85.6570910,,,,,,,,,,,,,,,,,,,,,,,,,,,,,,,
murphy-jewelers-hamburg,Murphy Jewelers,TRUE,16 Jetson Drive,,19526,Hamburg,Pennsylvania,United States,+1 610-562-2528,,https://murphyjewelers-1319/rswi_3076-hamburg-unitedstates,,,,,,,,,,,,,40.5637270,-76.0031500,,,,,,,,,,,,,,,,,,,,,,,,,,,,,,,
murphy-jewelers-whitehall,Murphy Jewelers,TRUE,948 Lehigh Valley Lifestyle Center Lehigh Valley Mall,,18052,Whitehall,Pennsylvania,United States,+1 610-791-5200,,https://murphyjewelers-1319/rswi_4124-whitehall-unitedstates,,,,,,,,,,,,,40.6289200,-75.4810037,,,,,,,,,,,,,,,,,,,,,,,,,,,,,,,
nash-jewellers-london,Nash Jewellers,TRUE,655 Wonderland Road North,,N6H 0J5,London,Ontario,Canada,+1 519 663-1110,,https://nashjewellers-1327/rswi_3726-london-canada,,,,,,,,,,,,,42.9837607,-81.2925019,,,,,,,,,,,,,,,,,,,,,,,,,,,,,,,
orrs-jewelers-sewickley,Orr's Jewelers,TRUE,532 Beaver Street,,15143,Sewickley,Pennsylvania,United States,+1 412-741-8080,,https://orrsjewelers-1355/rswi_3751-sewickley-unitedstates,,,,,,,,,,,,,40.5374800,-80.1777140,,,,,,,,,,,,,,,,,,,,,,,,,,,,,,,
paul-medawar-fine-jewelry-grand-rapids,Paul Medawar Fine Jewelry,TRUE,4518 Plainfield NE,,49525,Grand Rapids,MI,United States,+1 616-363-4902,,https://paulmedawarfinejewelry-1377/rswi_3056-grandrapids-unitedstates,,,,,,,,,,,,,43.0451320,-85.6064380,,,,,,,,,,,,,,,,,,,,,,,,,,,,,,,
pav-broome-jewelers-gulfport,Pav & Broome Jewelers,TRUE,1912 25th Avenue,,39501,Gulfport,Mississippi,United States,+1 228-863-3699,,https://pavbroomejewelers-1381/rswi_3073-gulfport-unitedstates,,,,,,,,,,,,,30.3736290,-89.0929680,,,,,,,,,,,,,,,,,,,,,,,,,,,,,,,
persin-robbin-jewelers-deer-park,Persin & Robbin Jewelers,TRUE,783 West Lake Cook Road,,60074,Deer Park,Illinois,United States,+1 847-253-7900,,https://persinrobbinjewelers-15/rswi_2792-deerpark-unitedstates,,,,,,,,,,,,,42.1537639,-88.0623723,,,,,,,,,,,,,,,,,,,,,,,,,,,,,,,
precision-watches-lower-gwynedd,Precision Watches,TRUE,1612 North Bethlehem Pike,,19002,Lower Gwynedd,Pennsylvania,United States,+1 215-343-4433,,https://precisionwatches-4384/rswi_14196-lowergwynedd-unitedstates,,,,,,,,,,,,,40.2053363,-75.2241117,,,,,,,,,,,,,,,,,,,,,,,,,,,,,,,
rf-moeller-jeweler-saint-paul,R.F. Moeller Jeweler,TRUE,2065 Ford Parkway,,55116,Saint Paul,MN,United States,+1 651-698-6321,,https://rfmoellerjeweler-49/rswi_3409-saintpaul-unitedstates,,,,,,,,,,,,,44.9179710,-93.1875350,,,,,,,,,,,,,,,,,,,,,,,,,,,,,,,
raffi-jewellers-toronto,Raffi Jewellers,TRUE,3401 Dufferin Street Yorkdale Shopping Centre,,M6A 2T9,Toronto,Ontario,Canada,+1 416 789 2334,,https://raffijewellers-3260/rswi_11361-toronto-canada,,,,,,,,,,,,,43.7245053,-79.4554545,,,,,,,,,,,,,,,,,,,,,,,,,,,,,,,
raffi-jewellers-cambridge,Raffi Jewellers,TRUE,299 Hespeler Road,,N1R 3H8,Cambridge,Ontario,Canada,+1 519 740 7720,,https://raffijewellersinc-24338/rswi_17667-cambridge-canada,,,,,,,,,,,,,43.3900390,-80.3217580,,,,,,,,,,,,,,,,,,,,,,,,,,,,,,,
razny-jewelers-highland-park,Razny Jewelers,TRUE,1700 Green Bay Road,,60035,Highland Park,Illinois,United States,+1 847-432-5300,,https://raznyjewelers-59/rswi_3086-highlandpark-unitedstates,,,,,,,,,,,,,42.1834940,-87.8013410,,,,,,,,,,,,,,,,,,,,,,,,,,,,,,,
razny-jewelers-chicago,Razny Jewelers,TRUE,109 East Oak Street,,60611,Chicago,Illinois,United States,+1 312-663-8500,,https://raznyjewelers-59/rswi_16268-chicago-unitedstates,,,,,,,,,,,,,41.9004854,-87.6252706,,,,,,,,,,,,,,,,,,,,,,,,,,,,,,,
reeds-jewelers-of-niagara-falls-amherst,Reeds Jewelers of Niagara Falls,TRUE,4001 Maple Road,,14226,Amherst,New York,United States,+1 716-837-3934,,https://reedsjewelersofniagarafalls-2005/rswi_2780-amherst-unitedstates,,,,,,,,,,,,,42.9908520,-78.8146280,,,,,,,,,,,,,,,,,,,,,,,,,,,,,,,
reeds-jewelers-wilmington,Reeds Jewelers,TRUE,926 Inspiration Drive Mayfaire Town Center,,28405,Wilmington,North Carolina,United States,+1 910-256-2962,,https://reedslandmark-25171/rswi_3587-wilmington-unitedstates,,,,,,,,,,,,,34.2417860,-77.8301430,,,,,,,,,,,,,,,,,,,,,,,,,,,,,,,
reis-nichols-jewelers-greenwood,Reis-Nichols Jewelers,TRUE,789 U.S. 31 North,,46142,Greenwood,Indiana,United States,+1 317-883-4467,,https://reisnichols-65/rswi_3070-greenwood-unitedstates,,,,,,,,,,,,,39.6275316,-86.1205135,,,,,,,,,,,,,,,,,,,,,,,,,,,,,,,
reis-nichols-jewelers-indianapolis,Reis-Nichols Jewelers,TRUE,3535 East 86th Street,,46240,Indianapolis,Indiana,United States,+1 317-255-4467,,https://reisnichols-65/rswi_3113-indianapolis-unitedstates,,,,,,,,,,,,,39.9107910,-86.1067010,,,,,,,,,,,,,,,,,,,,,,,,,,,,,,,
richter-phillips-jewelers-cincinnati,Richter & Phillips Jewelers,TRUE,601 Main Street,,45202,Cincinnati,Ohio,United States,+1 513-241-3510,,https://richterphillipsjewelers-257/rswi_2924-cincinnati-unitedstates,,,,,,,,,,,,,39.1030650,-84.5103886,,,,,,,,,,,,,,,,,,,,,,,,,,,,,,,
rolex-boutique-bucherer-chicago,Rolex Boutique Bucherer,TRUE,701 North Michigan Avenue Warwick Allerton,,60611,Chicago,Illinois,United States,+1 312-951-1041,,https://rolexboutiquebucherermichiganavenue-24830/rswi_15973-chicago-unitedstates,,,,,,,,,,,,,41.8951433,-87.6239218,,,,,,,,,,,,,,,,,,,,,,,,,,,,,,,
rolex-boutique-mayors-atlanta,Rolex Boutique Mayors,TRUE,"3393 Peachtree Road NE Lenox Square, Suite #3038B",,30326,Atlanta,Georgia,United States,,,https://rolexboutiquemayorsatlanta-24837/rswi_182517-atlanta-unitedstates,,,,,,,,,,,,,33.8467300,-84.3624200,,,,,,,,,,,,,,,,,,,,,,,,,,,,,,,
rolex-boutique-raffi-jewellers-mississauga,Rolex Boutique Raffi Jewellers,TRUE,100 City Centre Drive Square One Shopping Centre,,L5B 2C9,Mississauga,Ontario,Canada,+1 905 272 8878,,https://raffijewellers-3260/rswi_17178-mississauga-canada,,,,,,,,,,,,,43.5932285,-79.6445803,,,,,,,,,,,,,,,,,,,,,,,,,,,,,,,
rolex-boutique-royal-de-versailles-jewellers-toronto,Rolex Boutique Royal De Versailles Jewellers,TRUE,101 Bloor Street West,,M5S 2Z7,Toronto,Ontario,Canada,+1 416 967 7202,,https://royaldeversaillesjewellersinc-110/rswi_1136-toronto-canada,,,,,,,,,,,,,43.6693180,-79.3912120,,,,,,,,,,,,,,,,,,,,,,,,,,,,,,,
rolex-boutique-tappers-troy,Rolex Boutique Tapper's,TRUE,2800 West Big Beaver Road Somerset Collection,,48084,Troy,MI,United States,248-862-9700,,https://rolexboutiquetappersdetroit-24826/rswi_182519-troy-unitedstates,,,,,,,,,,,,,42.5627100,-83.1840700,,,,,,,,,,,,,,,,,,,,,,,,,,,,,,,
rummeles-jewelers-green-bay,Rummele's Jewelers,TRUE,234 South Adams Street,,54301,Green Bay,Wisconsin,United States,+1 920-432-0664,,https://rummelesjewelers-114/rswi_3060-greenbay-unitedstates,,,,,,,,,,,,,44.5121430,-88.0158160,,,,,,,,,,,,,,,,,,,,,,,,,,,,,,,
schiffmans-inc-lexington,Schiffman's Inc.,TRUE,"4040 Finn Way The Summit at Fritz Farm, Suite 150",,40517,Lexington,Kentucky,United States,859-456-2755,,https://schiffmansjewelers-138/rswi_183639-lexington-unitedstates,,,,,,,,,,,,,37.9781600,-84.5273800,,,,,,,,,,,,,,,,,,,,,,,,,,,,,,,
schiffmans-jewelers-greensboro,Schiffman's Jewelers,TRUE,811 Friendly Center Road,,27408,Greensboro,North Carolina,United States,+1 336-294-4885,,https://schiffmansjewelers-138/rswi_3063-greensboro-unitedstates,,,,,,,,,,,,,36.1171730,-79.8630450,,,,,,,,,,,,,,,,,,,,,,,,,,,,,,,
schwanke-kasten-jewelers-milwaukee,Schwanke-Kasten Jewelers,TRUE,417 East Silver Spring Drive,,53217,Milwaukee,Wisconsin,United States,+1 414-964-1242,,https://schwankekasten-147/rswi_3741-milwaukee-unitedstates,,,,,,,,,,,,,43.1182900,-87.9047300,,,,,,,,,,,,,,,,,,,,,,,,,,,,,,,
simons-jewelers-clayton,Simons Jewelers,TRUE,8141 Maryland Avenue,,63105,Clayton,Missouri,United States,+1 314-725-8888,,https://simonsjewelers-179/rswi_3408-clayton-unitedstates,,,,,,,,,,,,,38.6525241,-90.3429649,,,,,,,,,,,,,,,,,,,,,,,,,,,,,,,
sissys-log-cabin-memphis,Sissy's Log Cabin,TRUE,4542 Poplar Avenue,,38117,Memphis,Tennessee,United States,+1 901-834-0067,,https://sissyslogcabin-183/rswi_13815-memphis-unitedstates,,,,,,,,,,,,,35.1202004,-89.9118422,,,,,,,,,,,,,,,,,,,,,,,,,,,,,,,
sissys-log-cabin-little-rock,Sissy's Log Cabin,TRUE,1825 North Grant Street,,72207,Little Rock,Arkansas,United States,+1 501-663-0066,,https://sissyslogcabin-183/rswi_4129-littlerock-unitedstates,,,,,,,,,,,,,34.7685970,-92.3394410,,,,,,,,,,,,,,,,,,,,,,,,,,,,,,,
sylvans-jewelers-columbia,Sylvan’s Jewelers,TRUE,1500 Main Street,,29201,Columbia,South Carolina,United States,+1 803-779-2250,,https://sylvanbrothers-223/rswi_2941-columbia-unitedstates,,,,,,,,,,,,,34.0052960,-81.0353460,,,,,,,,,,,,,,,,,,,,,,,,,,,,,,,
tappers-jewelry-west-bloomfield,Tapper's Jewelry,TRUE,6337 Orchard Lake Road,,48322,West Bloomfield,MI,United States,+1 248-932-7700,,https://tappersjewelry-231/rswi_3565-westbloomfield-unitedstates,,,,,,,,,,,,,42.5444650,-83.3607930,,,,,,,,,,,,,,,,,,,,,,,,,,,,,,,
tappers-jewelry-novi,Tapper's Jewelry,TRUE,20800 Haggerty Road,,48375,Novi,MI,United States,+1 248-465-1800,,https://tappersjewelry-231/rswi_3748-novi-unitedstates,,,,,,,,,,,,,42.4894350,-83.4759540,,,,,,,,,,,,,,,,,,,,,,,,,,,,,,,
the-1916-company-ardmore,The 1916 Company,TRUE,102 East Montgomery Avenue,,19003,Ardmore,Pennsylvania,United States,+1 610-664-1715,,https://the1916company-796/rswi_11849-ardmore-unitedstates,,,,,,,,,,,,,40.0089506,-75.2879422,,,,,,,,,,,,,,,,,,,,,,,,,,,,,,,
the-1916-company-baltimore,The 1916 Company,TRUE,1819 Reisterstown Road,,21208,Baltimore,Maryland,United States,+1 410-484-2900,,https://the1916company-796/rswi_10961-baltimore-unitedstates,,,,,,,,,,,,,39.3887064,-76.7387712,,,,,,,,,,,,,,,,,,,,,,,,,,,,,,,
the-1916-company-philadelphia,The 1916 Company,TRUE,1529 Walnut Street,,19102,Philadelphia,Pennsylvania,United States,+1 215-546-6505,,https://the1916company-796/rswi_4139-philadelphia-unitedstates,,,,,,,,,,,,,39.9497830,-75.1669150,,,,,,,,,,,,,,,,,,,,,,,,,,,,,,,
the-1916-company-newark,The 1916 Company,TRUE,115 Christiana Mall,,19702,Newark,Delaware,United States,+1 302-444-0440,,https://the1916company-796/rswi_129696-newark-unitedstates,,,,,,,,,,,,,39.6778388,-75.6503965,,,,,,,,,,,,,,,,,,,,,,,,,,,,,,,
thom-duma-fine-jewelers-warren,Thom Duma Fine Jewelers,TRUE,115 West Market Street,,44481,Warren,Ohio,United States,+1 330-393-4696,,https://thomdumafinejewelers-266/rswi_3550-warren-unitedstates,,,,,,,,,,,,,41.2361190,-80.8182200,,,,,,,,,,,,,,,,,,,,,,,,,,,,,,,
tiny-jewel-box-washington,Tiny Jewel Box,TRUE,1155 Connecticut Avenue NW,,20036,Washington,District of Columbia,United States,+1 202-393-2747,,https://tinyjewelbox-281/rswi_3553-washington-unitedstates,,,,,,,,,,,,,38.9054175,-77.0405078,,,,,,,,,,,,,,,,,,,,,,,,,,,,,,,
tivol-kansas-city,Tivol,TRUE,220 Nichols Road,,64112,Kansas City,Missouri,United States,+1 816-531-5800,,https://tivol-282/rswi_3135-kansascity-unitedstates,,,,,,,,,,,,,39.0415880,-94.5898690,,,,,,,,,,,,,,,,,,,,,,,,,,,,,,,
underwood-jewelers-jacksonville,Underwood Jewelers,TRUE,2044 San Marco Boulevard,,32207,Jacksonville,Florida,United States,+1 904-398-9741,,https://underwoodjewelers-315/rswi_3122-jacksonville-unitedstates,,,,,,,,,,,,,30.3036790,-81.6531210,,,,,,,,,,,,,,,,,,,,,,,,,,,,,,,
underwood-jewelers-ponte-vedra-beach,Underwood Jewelers,TRUE,"330 A1A North, Suite 204",,32082,Ponte Vedra Beach,Florida,United States,+1 904-280-1202,,https://underwoodjewelers-315/rswi_3349-pontevedrabeach-unitedstates,,,,,,,,,,,,,30.2357660,-81.3860390,,,,,,,,,,,,,,,,,,,,,,,,,,,,,,,
watches-of-switzerland-cincinnati,Watches of Switzerland,TRUE,7875 Montgomery Road Kenwood Towne Center,,45236,Cincinnati,Ohio,United States,513-822-2781,,https://watchesofswitzerland-6188/rswi_124001-cincinnati-unitedstates,,,,,,,,,,,,,39.2025800,-84.3771100,,,,,,,,,,,,,,,,,,,,,,,,,,,,,,,
watches-of-switzerland-edina,Watches of Switzerland,TRUE,10 Southdale Center,,55435,Edina,MN,United States,,,https://watchesofswitzerland-6188/rswi_188345-edina-unitedstates,,,,,,,,,,,,,44.8810395,-93.3253732,,,,,,,,,,,,,,,,,,,,,,,,,,,,,,,
windsor-fine-jewelers-augusta,Windsor Fine Jewelers,TRUE,2635 Washington Road,,30904,Augusta,Georgia,United States,+1 706-738-7777,,https://windsorfinejewelers-3540/rswi_2809-augusta-unitedstates,,,,,,,,,,,,,33.5071440,-82.0202200,,,,,,,,,,,,,,,,,,,,,,,,,,,,,,,
windsor-jewelers-charlotte,Windsor Jewelers,TRUE,6809D Phillips Place Court,,28210,Charlotte,North Carolina,United States,+1 704-556-7747,,https://windsorjewelers-383/rswi_2904-charlotte-unitedstates,,,,,,,,,,,,,35.1464660,-80.8274500,,,,,,,,,,,,,,,,,,,,,,,,,,,,,,,
betteridge-jewelers-greenwich,Betteridge Jewelers,TRUE,239 Greenwich Avenue,,06830,Greenwich,Connecticut,United States,,,https://betteridgejewelers-107/rswi_133077-greenwich-unitedstates,,,,,,,,,,,,,41.0267874,-73.6257034,,,,,,,,,,,,,,,,,,,,,,,,,,,,,,,
bijouterie-italienne-montreal,Bijouterie Italienne,TRUE,192 rue St-Zotique Est,,H2S 1K8,Montreal,Quebec,Canada,+1 514 279 5585,,https://bijouterieitaliennepminc-192/rswi_1124-montreal-canada,,,,,,,,,,,,,45.5334490,-73.6104180,,,,,,,,,,,,,,,,,,,,,,,,,,,,,,,
bucherer-1888-garden-city,Bucherer 1888,TRUE,"630 Old Country Road Roosevelt Field Mall, Suite 1100",,11530,Garden City,New York,United States,+1 516-873-0209,,https://tourneaubucherer-295/rswi_3044-gardencity-unitedstates,,,,,,,,,,,,,40.7380631,-73.6128077,,,,,,,,,,,,,,,,,,,,,,,,,,,,,,,
bucherer-1888-new-york,Bucherer 1888,TRUE,12 East 57th Street,,10022,New York,New York,United States,+1 212-758-7300,,https://tourneaubucherer-295/rswi_3273-newyork-unitedstates,,,,,,,,,,,,,40.7627090,-73.9733170,,,,,,,,,,,,,,,,,,,,,,,,,,,,,,,
bucherer-1888-new-york-1,Bucherer 1888,TRUE,510 Madison Avenue,,10022,New York,New York,United States,+1 212-758-5830,,https://tourneaubucherer-295/rswi_3274-newyork-unitedstates,,,,,,,,,,,,,40.7591400,-73.9746140,,,,,,,,,,,,,,,,,,,,,,,,,,,,,,,
bucherer-1888-white-plains,Bucherer 1888,TRUE,125 Westchester Avenue Westchester Mall Suite 1310,,10601,White Plains,New York,United States,+1 914-397-2301,,https://tourneaubucherer-295/rswi_3578-whiteplains-unitedstates,,,,,,,,,,,,,41.0325040,-73.7585770,,,,,,,,,,,,,,,,,,,,,,,,,,,,,,,
bucherer-1888-new-york-2,Bucherer 1888,TRUE,1095 6th Avenue Avenue of the Americas at Bryant Park,,10036,New York,New York,United States,+1 212-278-8041,,https://tourneaubucherer-295/rswi_14637-newyork-unitedstates,,,,,,,,,,,,,40.7552780,-73.9841670,,,,,,,,,,,,,,,,,,,,,,,,,,,,,,,
bucherer-1888-boston,Bucherer 1888,TRUE,"100 Huntington Avenue Copley Place, Suite C-007/006",,02116,Boston,Massachusetts,United States,+1 617-267-8463,,https://tourneaubucherer-295/rswi_12406-boston-unitedstates,,,,,,,,,,,,,42.3473340,-71.0788745,,,,,,,,,,,,,,,,,,,,,,,,,,,,,,,
chateau-divoire-montreal,Chateau D'Ivoire,TRUE,2020 Rue de la Montagne,,H3G 1Z7,Montreal,Quebec,Canada,+1 514 845 4651,,https://chateaudivoire-522/rswi_1125-montreal-canada,,,,,,,,,,,,,45.4988928,-73.5772427,,,,,,,,,,,,,,,,,,,,,,,,,,,,,,,
date-time-sudbury,Date & Time,TRUE,5 Concord Road,,01776,Sudbury,Massachusetts,United States,+1 978-579-3002,,https://datetimefinejewelryandtimepieces-6865/rswi_18276-sudbury-unitedstates,,,,,,,,,,,,,42.3624650,-71.4163660,,,,,,,,,,,,,,,,,,,,,,,,,,,,,,,
frank-adams-jewelers-albany,Frank Adams Jewelers,TRUE,144 Wolf Road,,12205,Albany,New York,United States,+1 518-435-0075,,https://frankadamsjewelers-687/rswi_2770-albany-unitedstates,,,,,,,,,,,,,42.7199798,-73.8051568,,,,,,,,,,,,,,,,,,,,,,,,,,,,,,,
gerald-peters-staten-island,Gerald Peters,TRUE,1461 Richmond Road Suite 2095,,10304,Staten Island,New York,United States,+1 718-477-4000,,https://geraldpeters-5814/rswi_16640-statenisland-unitedstates,,,,,,,,,,,,,40.5939248,-74.1001183,,,,,,,,,,,,,,,,,,,,,,,,,,,,,,,
h-l-gross-bro-garden-city,H. L. Gross & Bro.,TRUE,840 Franklin Avenue,,11530,Garden City,New York,United States,+1 516-747-6666,,https://hlgrossbro-817/rswi_3043-gardencity-unitedstates,,,,,,,,,,,,,40.7268910,-73.6346100,,,,,,,,,,,,,,,,,,,,,,,,,,,,,,,
hamilton-jewelers-princeton,Hamilton Jewelers,TRUE,92 Nassau Street,,08542,Princeton,New Jersey,United States,+1 609-683-4200,,https://hamiltonjewelers-469/rswi_3362-princeton-unitedstates,,,,,,,,,,,,,40.3496710,-74.6596750,,,,,,,,,,,,,,,,,,,,,,,,,,,,,,,
hartgers-jewelers-wyckoff,Hartgers Jewelers,TRUE,699 Wyckoff Avenue,,07481,Wyckoff,New Jersey,United States,+1 201-891-0044,,https://hartgersjewelers-835/rswi_3594-wyckoff-unitedstates,,,,,,,,,,,,,41.0147950,-74.1716080,,,,,,,,,,,,,,,,,,,,,,,,,,,,,,,
kravit-jewelers-oceanside,Kravit Jewelers,TRUE,3151 Long Beach Road,,11572,Oceanside,New York,United States,+1 516-766-3855,,https://kravitjewelers-1131/rswi_3298-oceanside-unitedstates,,,,,,,,,,,,,40.6344910,-73.6405900,,,,,,,,,,,,,,,,,,,,,,,,,,,,,,,
lee-perla-jewelers-hackensack,Lee Perla Jewelers,TRUE,193B Riverside Square The Shops at Riverside,,07601,Hackensack,New Jersey,United States,+1 201-343-8655,,https://leeperlajewelers-1167/rswi_3749-hackensack-unitedstates,,,,,,,,,,,,,40.9085550,-74.0328740,,,,,,,,,,,,,,,,,,,,,,,,,,,,,,,
lenox-jewelers-fairfield,Lenox Jewelers,TRUE,2500 Black Rock Turnpike,,06825,Fairfield,Connecticut,United States,+1 203-374-6157,,https://lenoxjewelers-1173/rswi_3010-fairfield-unitedstates,,,,,,,,,,,,,41.1852058,-73.2562164,,,,,,,,,,,,,,,,,,,,,,,,,,,,,,,
leonardo-jewelers-metuchen,Leonardo Jewelers,TRUE,"665 Middlesex Avenue, #125",,08840,Metuchen,New Jersey,United States,+1 732-549-7880,,https://leonardojewelers-1178/rswi_2994-metuchen-unitedstates,,,,,,,,,,,,,40.5402846,-74.3674286,,,,,,,,,,,,,,,,,,,,,,,,,,,,,,,
leonardo-jewelers-red-bank,Leonardo Jewelers,TRUE,73 Broad Street,,07701,Red Bank,New Jersey,United States,+1 732-747-7880,,https://leonardojewelers-1178/rswi_3372-redbank-unitedstates,,,,,,,,,,,,,40.3496528,-74.0650617,,,,,,,,,,,,,,,,,,,,,,,,,,,,,,,
london-jewelers-manhasset,London Jewelers,TRUE,2046 Northern Boulevard Americana Manhasset,,11030,Manhasset,New York,United States,+1 516-627-7475,,https://londonjewelers-1202/rswi_3202-manhasset-unitedstates,,,,,,,,,,,,,40.7958940,-73.6732682,,,,,,,,,,,,,,,,,,,,,,,,,,,,,,,
longs-jewelers-peabody,Long's Jewelers,TRUE,35 Cross Street,,01960,Peabody,Massachusetts,United States,+1 978-531-6900,,https://longsjewelers-1204/rswi_3333-peabody-unitedstates,,,,,,,,,,,,,42.5437280,-70.9446480,,,,,,,,,,,,,,,,,,,,,,,,,,,,,,,
longs-jewelers-burlington,Long's Jewelers,TRUE,60A South Avenue,,01803,Burlington,Massachusetts,United States,+1 781-272-5400,,https://longsjewelers-1204/rswi_13976-burlington-unitedstates,,,,,,,,,,,,,42.4834748,-71.2199970,,,,,,,,,,,,,,,,,,,,,,,,,,,,,,,
longs-jewelers-nashua,Long's Jewelers,TRUE,323 Daniel Webster Highway,,03060,Nashua,New Hampshire,United States,+1 603-891-2000,,https://longsjewelers-1204/rswi_16267-nashua-unitedstates,,,,,,,,,,,,,42.7015492,-71.4412098,,,,,,,,,,,,,,,,,,,,,,,,,,,,,,,
longs-jewelers-braintree,Long's Jewelers,TRUE,150 Granite Street,,02184,Braintree,Massachusetts,United States,+1 781-356-5300,,https://longsjewelers-1204/rswi_2855-braintree-unitedstates,,,,,,,,,,,,,42.2184770,-71.0255840,,,,,,,,,,,,,,,,,,,,,,,,,,,,,,,
lorilil-jewelers-springfield,Lorilil Jewelers,TRUE,1500 Main Street Tower Square,,01115,Springfield,Massachusetts,United States,+1 413-731-5400,,https://lorililjewelers-3000/rswi_11221-springfield-unitedstates,,,,,,,,,,,,,42.1026291,-72.5908216,,,,,,,,,,,,,,,,,,,,,,,,,,,,,,,
lux-bond-green-uncasville,Lux Bond & Green,TRUE,1 One Mohegan Sun Boulevard Suite C106,,06382,Uncasville,Connecticut,United States,+1 860-862-9900,,https://luxbondgreen-1223/rswi_3530-uncasville-unitedstates,,,,,,,,,,,,,41.4926510,-72.0959440,,,,,,,,,,,,,,,,,,,,,,,,,,,,,,,
lux-bond-green-west-hartford,Lux Bond & Green,TRUE,46 LaSalle Road,,06107,West Hartford,Connecticut,United States,+1 860-521-3015,,https://luxbondgreen-1223/rswi_3543-westhartford-unitedstates,,,,,,,,,,,,,41.7602660,-72.7444830,,,,,,,,,,,,,,,,,,,,,,,,,,,,,,,
lux-bond-green-westport,Lux Bond & Green,TRUE,136 Main Street,,06880,Westport,Connecticut,United States,+1 203-227-1300,,https://luxbondgreen-1223/rswi_3576-westport-unitedstates,,,,,,,,,,,,,41.1432250,-73.3618970,,,,,,,,,,,,,,,,,,,,,,,,,,,,,,,
maison-birks-montreal,MAISON BIRKS,TRUE,620 Saint-Catherine St W,,H3B 1B8,Montreal,Quebec,Canada,+1 514 397 2511,,https://maisonbirks-1397/rswi_17585-montreal-canada,,,,,,,,,,,,,45.5035240,-73.5692300,,,,,,,,,,,,,,,,,,,,,,,,,,,,,,,
manfredi-new-canaan,Manfredi,TRUE,72 Elm Street,,06840,New Canaan,Connecticut,United States,+1 203-966-8705,,https://manfredi-4605/rswi_3265-newcanaan-unitedstates,,,,,,,,,,,,,41.1467470,-73.4939080,,,,,,,,,,,,,,,,,,,,,,,,,,,,,,,
n-fox-jewelers-saratoga-springs,N. Fox Jewelers,TRUE,404 Broadway,,12866,Saratoga Springs,New York,United States,+1 518-587-7777,,https://nfoxjewelers-1323/rswi_3446-saratogasprings-unitedstates,,,,,,,,,,,,,43.0814880,-73.7855040,,,,,,,,,,,,,,,,,,,,,,,,,,,,,,,
perrywinkles-fine-jewelry-burlington,Perrywinkle's Fine Jewelry,TRUE,227 Main Street,,05401,Burlington,Vermont,United States,+1 802-865-2624,,https://perrywinklesfinejewelry-13/rswi_4038-burlington-unitedstates,,,,,,,,,,,,,44.4755110,-73.2096630,,,,,,,,,,,,,,,,,,,,,,,,,,,,,,,
providence-diamond-company-cranston,Providence Diamond Company,TRUE,105 Hillside Road Garden City Center,,02920,Cranston,Rhode Island,United States,+1 401-946-7070,,https://providencediamondcompany-41/rswi_2956-cranston-unitedstates,,,,,,,,,,,,,41.7631110,-71.4585140,,,,,,,,,,,,,,,,,,,,,,,,,,,,,,,
raffi-jewellers-royalmount-montreal,Raffi Jewellers Royalmount,TRUE,5050 chemin de la Côte-de-Liesse,,H4P 0C9,Montreal,Quebec,Canada,+1 514 733 1777,,https://raffijewellersinc-24338/rswi_184637-montreal-canada,,,,,,,,,,,,,45.5002976,-73.6653640,,,,,,,,,,,,,,,,,,,,,,,,,,,,,,,
rolex-boutique-bucherer-new-york,Rolex Boutique Bucherer,TRUE,29-35 9th Ave,,10014,New York,New York,United States,+1 332-244-1493,,https://rolexboutiquebucherermeatpacking-24839/rswi_107689-newyork-unitedstates,,,,,,,,,,,,,40.7406100,-74.0058800,,,,,,,,,,,,,,,,,,,,,,,,,,,,,,,
rolex-boutique-london-short-hills,Rolex Boutique London,TRUE,"1200 Morris Turnpike The Mall at Short Hills, Suite #205",,07078,Short Hills,New Jersey,United States,+1 862-294-2211,,https://rolexboutiquelondonshorthills-24825/rswi_107730-shorthills-unitedstates,,,,,,,,,,,,,40.7408800,-74.3642400,,,,,,,,,,,,,,,,,,,,,,,,,,,,,,,
rolex-boutique-london-east-hampton,Rolex Boutique London,TRUE,28 Newtown Lane,,11937,East Hampton,New York,United States,631-540-8999,,https://rolexboutiquelondoneasthampton-24842/rswi_182515-easthampton-unitedstates,,,,,,,,,,,,,40.9643600,-72.1859700,,,,,,,,,,,,,,,,,,,,,,,,,,,,,,,
rolex-boutique-longs-boston,Rolex Boutique Long's,TRUE,8 Newbury Street,,02116,Boston,Massachusetts,United States,+1 617-426-7000,,https://rolexboutiquelongsboston-24937/rswi_107757-boston-unitedstates,,,,,,,,,,,,,42.3522100,-71.0718500,,,,,,,,,,,,,,,,,,,,,,,,,,,,,,,
roman-jewelers-bridgewater,Roman Jewelers,TRUE,500 Commons Way,,08807,Bridgewater,New Jersey,United States,+1 908-575-1242,,https://romanjewelers-6886/rswi_18402-bridgewater-unitedstates,,,,,,,,,,,,,40.5892552,-74.6190441,,,,,,,,,,,,,,,,,,,,,,,,,,,,,,,
springers-jewelers-portsmouth,Springer's Jewelers,TRUE,100 Market Street Suite 101,,03801,Portsmouth,New Hampshire,United States,+1 603-431-8418,,https://springersjewelers-470/rswi_3359-portsmouth-unitedstates,,,,,,,,,,,,,43.0783250,-70.7576110,,,,,,,,,,,,,,,,,,,,,,,,,,,,,,,
watches-of-switzerland-new-york,Watches of Switzerland,TRUE,"20 Hudson Yards Hudson Yards - The Shops, Suite , RU #115A",,10001,New York,New York,United States,+1 212-319-8040,,https://watchesofswitzerland-6188/rswi_18295-newyork-unitedstates,,,,,,,,,,,,,40.7534613,-74.0008205,,,,,,,,,,,,,,,,,,,,,,,,,,,,,,,
watches-of-switzerland-new-york-1,Watches of Switzerland,TRUE,60 Greene Street,,10012,New York,New York,United States,+1 646-973-3363,,https://watchesofswitzerland-6188/rswi_18006-newyork-unitedstates,,,,,,,,,,,,,40.7228930,-74.0009880,,,,,,,,,,,,,,,,,,,,,,,,,,,,,,,
watches-of-switzerland-east-rutherford,Watches of Switzerland,TRUE,1 American Dream Way American Dream Suite E264,,07073,East Rutherford,New Jersey,United States,+1 201-621-0950,,https://watchesofswitzerland-6188/rswi_107612-eastrutherford-unitedstates,,,,,,,,,,,,,40.8094500,-74.0669300,,,,,,,,,,,,,,,,,,,,,,,,,,,,,,,
watches-of-switzerland-marlton,Watches of Switzerland,TRUE,"500 Route 73 South The Promenade at Sagemore, Store #D1",,08053,Marlton,New Jersey,United States,+1 856-985-4500,,https://watchesofswitzerland-6188/rswi_134196-marlton-unitedstates,,,,,,,,,,,,,39.8797266,-74.9187307,,,,,,,,,,,,,,,,,,,,,,,,,,,,,,,
wempe-jewelers-new-york,Wempe Jewelers,TRUE,700 Fifth Avenue,,10019,New York,New York,United States,+1 212-397-9000,,https://wempe-1084/rswi_3276-newyork-unitedstates,,,,,,,,,,,,,40.7616970,-73.9748700,,,,,,,,,,,,,,,,,,,,,,,,,,,,,,,
william-barthman-jewelers-brooklyn,William Barthman Jewelers,TRUE,1118 Kings Highway,,11229,Brooklyn,New York,United States,+1 718-375-1818,,https://williambarthmanjewelers-376/rswi_2864-brooklyn-unitedstates,,,,,,,,,,,,,40.6074290,-73.9616510,,,,,,,,,,,,,,,,,,,,,,,,,,,,,,,
william-barthman-jewelers-new-york,William Barthman Jewelers,TRUE,20 Broad Street,,10005,New York,New York,United States,+1 212-732-0890,,https://williambarthmanjewelers-376/rswi_18059-newyork-unitedstates,,,,,,,,,,,,,40.7066250,-74.0114241,,,,,,,,,,,,,,,,,,,,,,,,,,,,,,,
wilson-son-jewelers-scarsdale,Wilson & Son Jewelers,TRUE,10 Spencer Place,,10583,Scarsdale,New York,United States,+1 914-723-0327,,https://wilsonsonjewelers-381/rswi_3450-scarsdale-unitedstates,,,,,,,,,,,,,40.9895590,-73.8064230,,,,,,,,,,,,,,,,,,,,,,,,,,,,,,,
gemoro-edmonton,GemOro,TRUE,8882 170 Street NW West Edmonton Mall Unit 2590,,T5T 4M2,Edmonton,Alberta,Canada,+1 780 444 7210,,https://gemoro-731/rswi_1114-edmonton-canada,,,,,,,,,,,,,53.5229342,-113.6238201,,,,,,,,,,,,,,,,,,,,,,,,,,,,,,,
j-vair-anderson-jewellers-calgary,J. Vair Anderson Jewellers,TRUE,409 3rd Street S.W.,,T2P 4Z2,Calgary,Alberta,Canada,+1 403 266 1669,,https://jvairandersonjewellers-903/rswi_1111-calgary-canada,,,,,,,,,,,,,51.0494610,-114.0700720,,,,,,,,,,,,,,,,,,,,,,,,,,,,,,,
maison-birks-calgary,MAISON BIRKS,TRUE,6455 Macleod Trail SW CF Chinook Centre,,T2H 0K8,Calgary,Alberta,Canada,+1 403 255 6696,,https://maisonbirks-1397/rswi_14115-calgary-canada,,,,,,,,,,,,,50.9975216,-114.0717597,,,,,,,,,,,,,,,,,,,,,,,,,,,,,,,
maison-birks-calgary-1,MAISON BIRKS,TRUE,317 7th Avenue SW The CORE,,T2P 2Y9,Calgary,Alberta,Canada,+1 403 260 8700,,https://maisonbirks-1397/rswi_5475-calgary-canada,,,,,,,,,,,,,51.0465147,-114.0681370,,,,,,,,,,,,,,,,,,,,,,,,,,,,,,,
